file,seconds
1841-159771-0025.wav,13.82
4680-16041-0014.wav,13.87
8630-305213-0047.wav,12.54
481-123719-0040.wav,2.23
696-92939-0025.wav,15.33
6078-54007-0045.wav,15.89
2182-181173-0005.wav,13.97
1455-138263-0025.wav,15.89
4481-17498-0027.wav,15.58
8123-275216-0036.wav,13.46
730-360-0007.wav,2.49
911-128684-0073.wav,14.99
1502-122615-0032.wav,12.92
8226-274371-0016.wav,11.45
669-129074-0000.wav,15.27
8629-261140-0002.wav,15.24
322-124147-0039.wav,16.98
6019-3185-0031.wav,14.06
198-126831-0011.wav,8.39
426-122821-0026.wav,14.57
7059-77897-0012.wav,10.83
1334-135589-0077.wav,16.35
1116-132851-0019.wav,2.22
1098-133695-0042.wav,17.09
1898-145702-0011.wav,15.42
7078-271888-0026.wav,15.80
3436-172171-0043.wav,13.99
6385-34655-0022.wav,16.02
6925-80680-0063.wav,4.43
3259-158083-0005.wav,1.92
4853-27670-0012.wav,15.41
200-124140-0025.wav,13.95
3235-28433-0024.wav,14.00
19-227-0029.wav,14.41
4362-15663-0036.wav,14.62
7402-59171-0012.wav,11.99
1867-154075-0013.wav,12.41
8419-293473-0016.wav,14.95
1970-28415-0037.wav,14.04
8051-118101-0006.wav,6.17
2136-5140-0026.wav,9.28
3112-9554-0001.wav,14.60
441-130108-0011.wav,12.53
1246-124548-0030.wav,14.50
6476-57446-0055.wav,15.62
2911-15084-0004.wav,14.68
4898-28461-0053.wav,5.46
1034-121119-0027.wav,13.54
5339-14133-0024.wav,13.76
2159-179157-0016.wav,10.21
2092-145709-0020.wav,11.74
163-122947-0025.wav,15.76
196-122159-0023.wav,11.72
7517-100429-0016.wav,11.73
839-130898-0052.wav,12.54
8088-284756-0093.wav,12.35
2196-170151-0021.wav,13.00
4088-158077-0063.wav,10.57
446-123501-0042.wav,16.20
6531-61334-0016.wav,13.49
289-121665-0039.wav,15.05
8468-294887-0038.wav,12.88
7859-102519-0054.wav,9.77
5390-24512-0048.wav,15.10
405-130894-0042.wav,13.89
2817-142371-0032.wav,13.99
4018-107312-0020.wav,13.47
307-127539-0020.wav,13.80
3699-47246-0020.wav,14.75
2007-132570-0043.wav,13.71
2002-139469-0108.wav,13.27
7148-7763-0029.wav,14.21
909-131044-0013.wav,15.51
8108-280359-0012.wav,14.71
328-129766-0095.wav,15.34
831-130739-0054.wav,14.34
6415-116629-0024.wav,15.29
7635-105661-0013.wav,13.36
32-4137-0048.wav,14.09
7264-92310-0017.wav,13.22
8465-246942-0026.wav,16.14
1723-141149-0097.wav,5.08
6529-62556-0024.wav,13.24
226-122538-0012.wav,14.54
8838-298545-0034.wav,15.72
5808-54425-0056.wav,15.69
4640-19189-0017.wav,14.05
3374-298026-0045.wav,13.87
3440-171009-0062.wav,3.77
6081-42010-0029.wav,9.30
7780-274562-0104.wav,13.51
2416-152137-0005.wav,15.29
27-124992-0052.wav,6.28
3857-182317-0008.wav,15.82
8609-283227-0020.wav,9.60
248-130644-0031.wav,9.98
6181-216552-0010.wav,15.15
4195-186237-0004.wav,10.82
5678-43303-0036.wav,14.38
5049-25947-0065.wav,13.86
6064-56168-0027.wav,11.73
1963-147036-0029.wav,2.54
7312-92432-0000.wav,4.21
2952-410-0023.wav,14.49
5463-39174-0009.wav,10.80
233-134440-0023.wav,15.68
2384-152900-0048.wav,15.88
7511-102419-0008.wav,2.94
5867-48852-0076.wav,15.38
8063-274112-0008.wav,6.42
7113-86041-0055.wav,11.66
8014-112586-0017.wav,15.62
5688-41232-0023.wav,5.79
6454-107462-0033.wav,14.99
625-132112-0055.wav,14.73
4830-25898-0042.wav,13.60
229-130880-0030.wav,14.78
39-121914-0025.wav,3.12
7447-91187-0068.wav,14.57
4406-16882-0049.wav,8.73
8975-270782-0092.wav,13.12
6880-216547-0094.wav,12.71
78-368-0016.wav,8.84
254-127705-0011.wav,10.61
8747-293952-0089.wav,14.15
8425-287387-0016.wav,6.51
1737-142397-0025.wav,11.77
26-496-0009.wav,15.49
40-121026-0018.wav,12.80
8095-274346-0039.wav,15.63
4051-11218-0018.wav,15.40
2691-156755-0008.wav,15.45
8312-279791-0053.wav,12.79
1183-133256-0019.wav,7.35
8238-283452-0042.wav,13.34
5652-39938-0034.wav,13.94
7226-86964-0054.wav,14.56
7067-76048-0001.wav,14.45
3486-166424-0064.wav,14.52
7800-283478-0019.wav,5.94
298-126790-0003.wav,13.10
1088-134318-0002.wav,12.54
3723-171631-0007.wav,11.22
83-3054-0016.wav,14.79
89-219-0050.wav,13.96
3240-131231-0009.wav,5.03
7178-34644-0045.wav,15.04
5703-47198-0039.wav,14.96
1040-133433-0027.wav,9.04
1743-142913-0001.wav,11.34
5192-19397-0045.wav,15.28
201-127786-0077.wav,15.31
4267-72637-0013.wav,12.54
6367-65536-0004.wav,9.82
1992-141719-0017.wav,16.76
1355-39947-0002.wav,11.04
7505-258958-0031.wav,14.62
5163-18515-0030.wav,14.36
5561-39621-0031.wav,9.41
5778-12761-0038.wav,11.42
3607-29116-0026.wav,14.94
87-121553-0046.wav,15.98
1578-140049-0005.wav,13.11
302-123504-0007.wav,11.00
3526-176651-0009.wav,12.99
1447-17506-0020.wav,13.45
4859-29340-0005.wav,13.44
3879-173592-0007.wav,13.31
2514-149482-0056.wav,12.39
374-180299-0000.wav,14.84
1926-143879-0011.wav,4.22
8797-294123-0027.wav,13.72
6209-34599-0021.wav,16.07
2764-36619-0006.wav,15.48
3982-182255-0016.wav,14.35
332-128985-0086.wav,15.35
60-121082-0055.wav,14.96
412-126975-0084.wav,14.40
4813-248638-0033.wav,15.39
1553-140047-0050.wav,7.73
3664-178366-0028.wav,15.93
3830-12535-0004.wav,3.88
1263-139804-0023.wav,16.54
4160-11549-0028.wav,14.04
2391-145015-0095.wav,14.95
2893-139310-0020.wav,14.51
7278-246956-0021.wav,14.39
460-172359-0000.wav,7.92
445-123860-0022.wav,14.41
4137-11702-0013.wav,15.32
7367-86737-0016.wav,12.45
2989-138028-0057.wav,15.90
1624-168623-0000.wav,15.20
6836-76549-0013.wav,14.99
3947-13260-0046.wav,10.44
5789-57158-0032.wav,10.88
587-54108-0011.wav,9.46
4397-15668-0006.wav,11.81
311-124404-0088.wav,11.35
125-121342-0034.wav,7.11
4014-186175-0007.wav,3.33
6147-34606-0020.wav,10.68
2836-5354-0049.wav,14.58
150-126112-0036.wav,15.62
4788-294466-0002.wav,13.45
4297-13009-0032.wav,12.35
2436-2477-0025.wav,10.67
7794-295947-0016.wav,13.07
5322-7679-0001.wav,15.53
118-47824-0040.wav,3.23
7302-86815-0021.wav,14.84
1081-128618-0013.wav,4.46
5514-19192-0024.wav,15.96
5393-19218-0014.wav,12.30
7190-90542-0046.wav,14.96
3214-167602-0016.wav,7.96
2518-154825-0022.wav,13.27
887-123289-0038.wav,14.13
6563-285357-0035.wav,15.48
3807-4923-0015.wav,15.89
1594-135914-0003.wav,12.60
8770-295465-0005.wav,14.03
8580-287364-0012.wav,12.38
6848-252323-0033.wav,13.52
4340-15220-0059.wav,15.23
3168-173564-0006.wav,14.10
5750-35690-0022.wav,9.54
8324-286681-0002.wav,12.05
8098-278252-0008.wav,9.45
4441-76250-0002.wav,15.06
250-142286-0006.wav,16.10
3242-8112-0044.wav,3.62
5456-62043-0000.wav,15.61
103-1241-0023.wav,16.67
1069-133699-0021.wav,15.89
6000-55211-0030.wav,16.09
1363-139304-0012.wav,14.91
2843-152918-0099.wav,15.39
6437-66172-0039.wav,14.08
6818-76332-0051.wav,14.29
403-128339-0049.wav,14.82
458-126294-0002.wav,14.12
2289-152253-0007.wav,14.32
211-122425-0029.wav,7.82
4214-7146-0075.wav,16.28
6272-70171-0025.wav,16.64
2910-131096-0066.wav,11.85
1235-135884-0015.wav,5.96
5104-33407-0007.wav,13.06
5022-29405-0000.wav,15.63
3983-5331-0049.wav,15.06
1841-179183-0024.wav,14.03
4680-16026-0006.wav,4.47
8630-305212-0008.wav,16.02
481-123720-0076.wav,14.87
696-92939-0002.wav,11.83
6078-54007-0008.wav,6.42
2182-150130-0005.wav,14.61
1455-138263-0046.wav,13.21
4481-17499-0029.wav,14.96
8123-275193-0013.wav,12.70
730-359-0005.wav,13.93
911-128684-0041.wav,11.60
1502-122619-0038.wav,15.62
8226-274369-0060.wav,14.56
669-129074-0025.wav,5.04
8629-261139-0062.wav,2.25
322-124147-0024.wav,14.70
6019-3185-0018.wav,16.02
198-129977-0028.wav,14.22
426-122822-0006.wav,15.58
7059-77897-0011.wav,14.43
1334-135589-0084.wav,14.25
1116-137572-0015.wav,12.54
1098-133695-0040.wav,13.05
1898-145702-0012.wav,9.09
7078-271888-0015.wav,14.55
3436-172171-0059.wav,14.87
6385-220959-0018.wav,15.56
6925-80680-0028.wav,13.91
3259-158083-0000.wav,8.20
4853-27671-0019.wav,8.55
200-124140-0011.wav,14.12
3235-28433-0022.wav,15.38
19-198-0001.wav,11.77
4362-15663-0018.wav,16.00
7402-90848-0027.wav,14.54
1867-154075-0034.wav,14.90
8419-293473-0015.wav,14.61
1970-26100-0018.wav,14.46
8051-119902-0037.wav,14.16
2136-5143-0044.wav,10.11
3112-9555-0067.wav,12.92
441-128982-0014.wav,13.21
1246-124550-0028.wav,15.29
6476-57446-0073.wav,16.05
2911-7601-0044.wav,15.86
4898-20016-0019.wav,15.76
1034-121119-0072.wav,14.82
5339-14134-0022.wav,3.92
2159-179156-0034.wav,15.04
2092-145706-0028.wav,13.97
163-122947-0096.wav,14.29
196-122150-0026.wav,12.87
7517-100442-0030.wav,15.01
839-130898-0000.wav,3.85
8088-284756-0099.wav,15.64
2196-174172-0022.wav,12.48
4088-158077-0005.wav,14.86
446-123501-0012.wav,6.81
6531-61334-0096.wav,12.57
289-121665-0019.wav,15.69
8468-295198-0024.wav,13.37
7859-102519-0038.wav,15.79
5390-24512-0010.wav,9.12
405-130894-0021.wav,12.17
2817-142371-0024.wav,14.51
4018-107338-0005.wav,13.31
307-127535-0025.wav,8.60
3699-175950-0018.wav,16.40
2007-149877-0054.wav,9.23
2002-139469-0021.wav,15.43
7148-7763-0022.wav,12.56
909-131045-0027.wav,14.55
8108-280354-0013.wav,8.38
328-129766-0008.wav,15.52
831-130746-0056.wav,14.77
6415-111615-0037.wav,5.48
7635-105409-0017.wav,15.88
32-21634-0009.wav,4.00
7264-92310-0024.wav,14.93
8465-246942-0000.wav,14.54
1723-141149-0000.wav,14.60
6529-62554-0015.wav,14.73
226-122538-0027.wav,15.08
8838-298546-0017.wav,14.95
5808-48608-0031.wav,12.34
4640-19189-0006.wav,15.04
3374-298026-0005.wav,6.86
3440-171009-0065.wav,14.85
6081-41998-0003.wav,3.91
7780-274562-0043.wav,12.52
2416-152139-0069.wav,13.95
27-124992-0029.wav,3.17
3857-180923-0016.wav,11.85
8609-283227-0069.wav,15.41
248-130644-0009.wav,13.23
6181-216552-0017.wav,14.04
4195-17507-0035.wav,3.42
5678-43303-0010.wav,15.68
5049-25947-0016.wav,13.11
6064-56165-0004.wav,14.22
1963-147036-0031.wav,15.32
7312-92432-0015.wav,15.96
2952-410-0048.wav,13.83
5463-39174-0036.wav,16.03
233-134440-0002.wav,15.09
2384-152900-0028.wav,15.22
7511-102420-0013.wav,13.23
5867-48852-0054.wav,2.50
8063-274115-0022.wav,5.41
7113-86041-0023.wav,14.81
8014-280382-0009.wav,15.35
5688-15787-0007.wav,15.94
6454-93938-0019.wav,14.19
625-132112-0006.wav,13.29
4830-25904-0008.wav,16.29
229-130880-0071.wav,11.88
39-121915-0003.wav,9.28
7447-91187-0034.wav,13.75
4406-16882-0001.wav,9.44
8975-270782-0098.wav,16.12
6880-216547-0001.wav,14.95
78-368-0029.wav,16.12
254-145458-0002.wav,14.60
8747-293952-0095.wav,13.84
8425-246962-0010.wav,13.69
1737-148989-0011.wav,4.08
26-495-0004.wav,14.05
40-222-0061.wav,15.24
8095-274346-0046.wav,13.40
4051-11218-0053.wav,13.62
2691-156755-0003.wav,11.07
8312-279791-0047.wav,15.33
1183-133255-0012.wav,13.84
8238-274553-0001.wav,13.98
5652-19215-0038.wav,15.82
7226-86965-0000.wav,2.27
7067-76048-0013.wav,15.11
3486-166446-0015.wav,12.96
7800-283478-0001.wav,14.38
298-126791-0050.wav,13.12
1088-134315-0007.wav,14.09
3723-171115-0052.wav,4.67
83-9960-0040.wav,8.24
89-218-0031.wav,11.93
3240-131231-0047.wav,14.09
7178-34645-0008.wav,13.23
5703-47198-0001.wav,15.80
1040-133433-0069.wav,5.47
1743-142913-0004.wav,14.58
5192-19397-0035.wav,13.57
201-127786-0034.wav,13.37
4267-78186-0005.wav,12.95
6367-65536-0015.wav,13.73
1992-141719-0023.wav,8.48
1355-39947-0041.wav,2.77
7505-258958-0001.wav,11.17
5163-39921-0034.wav,15.31
5561-39621-0014.wav,11.88
5778-12761-0026.wav,14.14
3607-135982-0015.wav,14.10
87-121553-0001.wav,9.49
1578-6379-0002.wav,9.62
302-123523-0010.wav,14.18
3526-175658-0022.wav,14.33
1447-130551-0028.wav,14.74
4859-26870-0011.wav,14.53
3879-174923-0001.wav,13.53
2514-149482-0078.wav,13.56
374-180299-0018.wav,13.09
1926-143879-0003.wav,8.01
8797-294123-0067.wav,4.39
6209-34599-0023.wav,15.24
2764-36616-0037.wav,14.27
3982-178459-0032.wav,14.52
332-128985-0007.wav,13.76
60-121082-0032.wav,13.18
412-126975-0082.wav,14.29
4813-248638-0012.wav,9.16
1553-140047-0047.wav,13.46
3664-11714-0019.wav,14.71
3830-12530-0034.wav,15.74
1263-139804-0020.wav,15.00
4160-14187-0005.wav,15.71
2391-145015-0119.wav,14.01
2893-139322-0036.wav,15.99
7278-246956-0022.wav,13.84
460-172359-0017.wav,14.95
445-123857-0007.wav,3.42
4137-11702-0002.wav,12.24
7367-86737-0076.wav,10.71
2989-138035-0065.wav,13.77
1624-168623-0001.wav,15.60
6836-61804-0018.wav,15.38
3947-13262-0006.wav,11.28
5789-57195-0037.wav,10.99
587-41619-0015.wav,2.73
4397-15678-0030.wav,3.04
311-124404-0117.wav,13.31
125-121124-0075.wav,4.85
4014-186176-0019.wav,4.17
6147-34605-0002.wav,14.80
2836-5355-0029.wav,14.59
150-126107-0019.wav,14.04
4788-94904-0023.wav,13.11
4297-13009-0005.wav,16.39
2436-2476-0017.wav,12.21
7794-295948-0026.wav,2.10
5322-7680-0031.wav,15.84
118-47824-0066.wav,16.20
7302-86814-0023.wav,14.10
1081-128618-0009.wav,14.39
5514-19193-0014.wav,13.21
5393-19218-0020.wav,12.96
7190-90542-0014.wav,15.97
3214-167602-0017.wav,15.62
2518-154826-0041.wav,15.34
887-123291-0026.wav,2.18
6563-285357-0036.wav,14.79
3807-4923-0030.wav,12.74
1594-135914-0086.wav,2.83
8770-295463-0005.wav,12.29
8580-287363-0031.wav,9.29
6848-252323-0011.wav,14.47
4340-15220-0095.wav,10.45
3168-173564-0024.wav,15.27
5750-100289-0072.wav,11.46
8324-286683-0021.wav,5.15
8098-278278-0009.wav,14.12
4441-76250-0001.wav,14.32
250-142276-0028.wav,15.25
3242-67168-0034.wav,4.31
5456-62043-0009.wav,14.13
103-1240-0014.wav,13.96
1069-133699-0052.wav,14.13
6000-86686-0015.wav,5.61
1363-139304-0030.wav,15.29
2843-152918-0020.wav,16.14
6437-66173-0007.wav,15.98
6818-76332-0032.wav,15.32
403-128339-0042.wav,15.64
458-126290-0000.wav,15.54
2289-152258-0034.wav,7.82
211-122442-0008.wav,15.01
4214-7146-0063.wav,14.11
6272-70191-0002.wav,14.55
2910-131096-0080.wav,16.16
1235-135883-0046.wav,8.68
5104-33406-0029.wav,7.41
5022-29411-0004.wav,13.29
3983-5331-0018.wav,15.35
1841-150351-0026.wav,12.70
4680-16041-0018.wav,8.29
8630-305213-0022.wav,13.82
481-123720-0069.wav,13.31
696-92939-0035.wav,14.58
6078-54007-0034.wav,15.70
2182-150130-0028.wav,17.09
1455-134435-0011.wav,9.23
4481-17499-0022.wav,16.09
8123-275193-0000.wav,14.21
730-359-0042.wav,4.97
911-128684-0029.wav,13.08
1502-122615-0023.wav,11.78
8226-274369-0018.wav,14.02
669-129061-0084.wav,15.35
8629-261140-0031.wav,14.64
322-124146-0012.wav,14.28
6019-3185-0081.wav,14.87
198-129977-0015.wav,8.94
426-122821-0023.wav,14.22
7059-77900-0003.wav,15.09
1334-135589-0088.wav,6.99
1116-132847-0014.wav,11.08
1098-133695-0069.wav,14.66
1898-145720-0009.wav,11.06
7078-271888-0071.wav,14.81
3436-172171-0029.wav,12.59
6385-34655-0035.wav,2.42
6925-80680-0020.wav,13.21
3259-158083-0104.wav,9.57
4853-27671-0006.wav,12.69
200-126784-0003.wav,16.09
3235-28452-0008.wav,13.85
19-227-0008.wav,16.14
4362-15663-0003.wav,11.89
7402-90848-0038.wav,14.50
1867-154075-0015.wav,15.29
8419-293473-0014.wav,16.84
1970-10594-0018.wav,13.54
8051-119902-0004.wav,12.85
2136-5143-0039.wav,13.40
3112-9555-0043.wav,15.38
441-128988-0007.wav,13.71
1246-124550-0035.wav,13.62
6476-57446-0013.wav,14.60
2911-15045-0011.wav,16.32
4898-28461-0042.wav,14.34
1034-121119-0091.wav,15.93
5339-14134-0033.wav,13.06
2159-179156-0022.wav,15.79
2092-145706-0058.wav,13.43
163-122947-0077.wav,13.39
196-122152-0016.wav,13.96
7517-100429-0009.wav,8.13
839-130898-0043.wav,3.46
8088-284756-0013.wav,15.92
2196-174172-0017.wav,16.52
4088-158077-0035.wav,11.97
446-123501-0007.wav,11.71
6531-61334-0014.wav,4.46
289-121652-0022.wav,10.73
8468-294887-0031.wav,14.59
7859-102519-0032.wav,8.63
5390-30096-0012.wav,13.86
405-130894-0073.wav,16.36
2817-142371-0004.wav,15.64
4018-107312-0029.wav,15.27
307-127539-0000.wav,7.38
3699-19401-0008.wav,11.07
2007-149877-0001.wav,14.17
2002-139469-0107.wav,14.42
7148-59157-0019.wav,2.35
909-131045-0035.wav,15.31
8108-280354-0016.wav,7.37
328-129766-0016.wav,15.73
831-130739-0004.wav,7.73
6415-111615-0012.wav,12.64
7635-105661-0045.wav,14.83
32-4137-0007.wav,16.07
7264-92310-0019.wav,15.37
8465-246942-0007.wav,15.14
1723-141149-0052.wav,16.70
6529-62556-0001.wav,13.98
226-131532-0030.wav,16.39
8838-298545-0051.wav,15.24
5808-54425-0049.wav,3.09
4640-19187-0027.wav,3.73
3374-298026-0020.wav,12.87
3440-171006-0026.wav,13.63
6081-41997-0018.wav,13.61
7780-274562-0023.wav,7.29
2416-152137-0016.wav,13.34
27-123349-0022.wav,13.04
3857-180923-0018.wav,12.38
8609-262281-0008.wav,14.76
248-130644-0034.wav,10.79
6181-216552-0107.wav,15.18
4195-186236-0002.wav,6.72
5678-43302-0033.wav,14.98
5049-25947-0103.wav,3.69
6064-56168-0002.wav,14.49
1963-142393-0044.wav,12.86
7312-92432-0008.wav,12.71
2952-410-0060.wav,13.32
5463-39174-0038.wav,10.50
233-134440-0016.wav,15.96
2384-152900-0033.wav,10.74
7511-102419-0048.wav,15.61
5867-48852-0085.wav,16.20
8063-274115-0008.wav,11.32
7113-86041-0026.wav,14.59
8014-112602-0027.wav,12.11
5688-41232-0021.wav,15.36
6454-107462-0036.wav,15.86
625-132112-0032.wav,16.10
4830-25898-0008.wav,15.43
229-130880-0055.wav,14.14
39-121915-0033.wav,6.41
7447-91187-0069.wav,15.71
4406-16883-0056.wav,13.76
8975-270782-0017.wav,15.83
6880-216547-0113.wav,15.86
78-369-0000.wav,15.69
254-145458-0008.wav,15.14
8747-293952-0018.wav,3.05
8425-287387-0032.wav,8.40
1737-148989-0009.wav,15.05
26-496-0008.wav,14.48
40-222-0064.wav,14.90
8095-274346-0012.wav,15.66
4051-10927-0001.wav,13.64
2691-156755-0011.wav,13.68
8312-279791-0010.wav,15.10
1183-133256-0011.wav,2.21
8238-274553-0006.wav,15.64
5652-39938-0039.wav,16.80
7226-86965-0027.wav,13.98
7067-76048-0022.wav,15.00
3486-166446-0011.wav,4.38
7800-283493-0008.wav,15.55
298-126791-0059.wav,12.34
1088-134315-0033.wav,12.70
3723-171631-0026.wav,13.25
83-11691-0010.wav,14.07
89-218-0050.wav,13.96
3240-131232-0000.wav,15.35
7178-34645-0020.wav,13.47
5703-47198-0027.wav,10.24
1040-133433-0025.wav,12.70
1743-142914-0009.wav,12.28
5192-19397-0061.wav,8.05
201-122255-0034.wav,9.79
4267-287369-0007.wav,13.61
6367-74004-0017.wav,13.68
1992-141719-0001.wav,12.35
1355-39947-0021.wav,14.86
7505-258958-0019.wav,15.61
5163-39921-0012.wav,14.47
5561-39621-0035.wav,4.95
5778-54535-0019.wav,11.40
3607-135982-0039.wav,13.43
87-121553-0080.wav,16.96
1578-140049-0008.wav,14.60
302-123504-0031.wav,13.12
3526-175658-0027.wav,16.77
1447-130552-0002.wav,13.49
4859-22176-0014.wav,15.01
3879-173592-0000.wav,14.37
2514-149482-0062.wav,15.72
374-180299-0011.wav,14.99
1926-147979-0015.wav,8.36
8797-294123-0055.wav,15.19
6209-34601-0008.wav,11.81
2764-36619-0025.wav,15.11
3982-182255-0013.wav,15.09
332-128985-0071.wav,14.46
60-121082-0044.wav,6.15
412-126975-0026.wav,12.18
4813-248638-0042.wav,15.64
1553-140047-0043.wav,13.51
3664-178366-0035.wav,11.17
3830-12531-0014.wav,10.89
1263-141777-0032.wav,12.97
4160-11549-0018.wav,15.11
2391-145015-0070.wav,14.91
2893-139322-0004.wav,14.49
7278-91083-0005.wav,15.55
460-172359-0063.wav,14.46
445-123857-0002.wav,11.58
4137-11701-0013.wav,14.96
7367-86737-0032.wav,14.81
2989-138035-0028.wav,16.23
1624-168623-0010.wav,13.99
6836-76549-0015.wav,13.77
3947-13262-0029.wav,15.68
5789-57158-0015.wav,14.76
587-54108-0048.wav,12.40
4397-15678-0003.wav,11.47
311-124404-0100.wav,13.45
125-121124-0086.wav,3.71
4014-186176-0030.wav,3.24
6147-34605-0012.wav,14.83
2836-5354-0024.wav,16.78
150-132655-0008.wav,7.83
4788-91208-0009.wav,5.71
4297-13009-0016.wav,15.95
2436-2481-0035.wav,15.04
7794-295948-0008.wav,12.53
5322-7680-0026.wav,13.09
118-47824-0019.wav,11.08
7302-86815-0053.wav,6.29
1081-125237-0064.wav,3.31
5514-19192-0035.wav,13.89
5393-19219-0053.wav,3.51
7190-90543-0038.wav,15.53
3214-167602-0001.wav,4.32
2518-154826-0034.wav,14.11
887-123291-0000.wav,14.88
6563-285357-0006.wav,14.20
3807-4923-0050.wav,15.47
1594-135914-0101.wav,3.16
8770-295465-0027.wav,13.70
8580-287363-0005.wav,13.60
6848-76049-0021.wav,15.45
4340-15220-0030.wav,15.41
3168-173564-0019.wav,14.82
5750-35690-0017.wav,16.00
8324-286683-0037.wav,14.07
8098-275181-0033.wav,6.07
4441-76263-0019.wav,11.01
250-142286-0031.wav,12.74
3242-67168-0028.wav,15.48
5456-58161-0024.wav,14.62
103-1240-0003.wav,14.71
1069-133709-0007.wav,15.34
6000-55211-0047.wav,16.50
1363-135842-0022.wav,15.14
2843-152918-0002.wav,14.68
6437-66173-0056.wav,15.12
6818-76332-0018.wav,15.78
403-126855-0012.wav,13.99
458-126305-0000.wav,14.74
2289-152253-0029.wav,6.96
211-122442-0061.wav,13.87
4214-7146-0047.wav,14.54
6272-70168-0025.wav,9.98
2910-131096-0002.wav,15.21
1235-135884-0028.wav,12.74
5104-33407-0026.wav,15.06
5022-29411-0058.wav,14.97
3983-5331-0045.wav,13.36
1841-159771-0033.wav,8.81
4680-16026-0036.wav,14.14
8630-305213-0021.wav,14.05
481-123719-0022.wav,14.07
696-92939-0038.wav,15.04
6078-54013-0022.wav,15.72
2182-181183-0019.wav,16.18
1455-138263-0056.wav,16.00
4481-17498-0024.wav,15.16
8123-275193-0009.wav,13.23
730-360-0024.wav,7.14
911-128684-0059.wav,11.35
1502-122619-0089.wav,8.84
8226-274371-0033.wav,14.14
669-129061-0046.wav,13.29
8629-261139-0019.wav,11.34
322-124147-0063.wav,14.99
6019-3185-0012.wav,15.47
198-126831-0049.wav,15.07
426-122821-0004.wav,15.07
7059-77897-0002.wav,13.54
1334-135589-0034.wav,13.54
1116-137572-0002.wav,15.27
1098-133695-0010.wav,10.21
1898-145724-0010.wav,12.31
7078-271888-0000.wav,12.32
3436-172171-0065.wav,15.13
6385-34655-0012.wav,10.29
6925-80680-0050.wav,12.57
3259-158083-0059.wav,15.71
4853-29413-0003.wav,13.39
200-124139-0015.wav,12.49
3235-28452-0010.wav,14.86
19-227-0002.wav,13.69
4362-15663-0041.wav,13.74
7402-59171-0002.wav,15.86
1867-154075-0022.wav,13.12
8419-286676-0003.wav,15.03
1970-10594-0042.wav,10.99
8051-119902-0026.wav,10.72
2136-5147-0013.wav,12.59
3112-9555-0031.wav,15.43
441-130108-0016.wav,5.82
1246-124548-0036.wav,11.48
6476-57446-0062.wav,15.27
2911-7601-0026.wav,14.10
4898-28461-0001.wav,5.67
1034-121119-0040.wav,14.46
5339-14133-0045.wav,14.49
2159-179156-0002.wav,12.44
2092-145706-0042.wav,8.86
163-122947-0005.wav,14.69
196-122150-0039.wav,13.91
7517-100442-0019.wav,14.23
839-130898-0031.wav,16.10
8088-284756-0106.wav,14.14
2196-170379-0008.wav,15.72
4088-158077-0053.wav,13.41
446-123502-0018.wav,11.51
6531-61334-0071.wav,11.85
289-121665-0010.wav,15.13
8468-286673-0016.wav,15.15
7859-102519-0033.wav,5.72
5390-24512-0003.wav,11.19
405-130894-0055.wav,15.84
2817-142371-0003.wav,14.34
4018-107338-0027.wav,13.45
307-127539-0013.wav,12.53
3699-47246-0011.wav,16.11
2007-132570-0045.wav,15.31
2002-139469-0084.wav,11.53
7148-7763-0017.wav,6.46
909-131045-0018.wav,14.88
8108-280354-0023.wav,15.23
328-129766-0033.wav,11.89
831-130746-0002.wav,12.20
6415-116629-0017.wav,11.59
7635-105661-0034.wav,15.36
32-21631-0007.wav,14.84
7264-92316-0026.wav,9.72
8465-246940-0031.wav,6.09
1723-141149-0017.wav,15.42
6529-62556-0040.wav,6.51
226-131532-0016.wav,12.81
8838-298546-0020.wav,13.82
5808-54425-0000.wav,14.39
4640-19189-0033.wav,12.62
3374-298026-0009.wav,15.10
3440-171009-0030.wav,14.01
6081-41997-0005.wav,15.29
7780-274562-0097.wav,9.21
2416-152137-0022.wav,14.65
27-123349-0002.wav,13.98
3857-182315-0018.wav,15.38
8609-283227-0019.wav,15.70
248-130697-0022.wav,12.88
6181-216552-0012.wav,8.82
4195-186236-0015.wav,15.77
5678-43303-0002.wav,13.88
5049-25947-0120.wav,12.96
6064-56168-0017.wav,13.47
1963-147036-0023.wav,15.12
7312-92432-0022.wav,14.94
2952-410-0002.wav,5.11
5463-39173-0025.wav,10.33
233-155990-0030.wav,15.46
2384-152900-0010.wav,15.40
7511-102420-0020.wav,15.92
5867-48852-0084.wav,7.26
8063-274116-0001.wav,6.83
7113-86041-0094.wav,14.13
8014-112602-0007.wav,14.68
5688-41232-0007.wav,8.70
6454-93938-0031.wav,14.87
625-132112-0000.wav,15.22
4830-25898-0034.wav,2.79
229-130880-0048.wav,7.02
39-121916-0009.wav,15.56
7447-91186-0022.wav,16.57
4406-16883-0037.wav,16.00
8975-270782-0012.wav,15.60
6880-216547-0011.wav,13.82
78-369-0061.wav,12.84
254-145458-0014.wav,16.07
8747-293952-0011.wav,9.28
8425-292520-0023.wav,9.53
1737-142396-0017.wav,15.31
26-495-0025.wav,13.04
40-222-0025.wav,14.40
8095-274348-0014.wav,15.78
4051-11217-0012.wav,4.91
2691-156755-0019.wav,15.42
8312-279790-0042.wav,14.09
1183-133256-0020.wav,14.48
8238-274553-0000.wav,14.70
5652-19215-0046.wav,14.79
7226-86965-0023.wav,9.35
7067-76048-0048.wav,7.86
3486-166424-0058.wav,15.15
7800-283478-0009.wav,14.97
298-126790-0015.wav,12.96
1088-134315-0008.wav,15.25
3723-171115-0024.wav,12.59
83-11691-0017.wav,13.12
89-219-0059.wav,3.74
3240-131231-0067.wav,14.88
7178-34645-0000.wav,15.66
5703-47212-0046.wav,6.38
1040-133433-0039.wav,11.77
1743-142914-0020.wav,6.72
5192-19397-0070.wav,13.71
201-127786-0067.wav,14.79
4267-72637-0031.wav,15.11
6367-74004-0035.wav,8.89
1992-141719-0021.wav,13.00
1355-39947-0079.wav,15.67
7505-258958-0014.wav,14.72
5163-39921-0038.wav,10.26
5561-41615-0005.wav,3.75
5778-54535-0031.wav,12.62
3607-135982-0030.wav,14.53
87-121553-0015.wav,14.62
1578-140045-0028.wav,14.36
302-123523-0036.wav,13.46
3526-176653-0032.wav,14.12
1447-130550-0030.wav,10.90
4859-29340-0009.wav,12.75
3879-174923-0034.wav,13.31
2514-149482-0088.wav,15.30
374-180299-0009.wav,14.11
1926-147987-0031.wav,13.71
8797-294123-0092.wav,11.95
6209-34600-0033.wav,16.39
2764-36619-0016.wav,13.92
3982-182255-0014.wav,13.36
332-128985-0006.wav,14.33
60-121082-0029.wav,16.10
412-126975-0088.wav,14.82
4813-248641-0026.wav,14.08
1553-140048-0019.wav,14.32
3664-178366-0032.wav,12.31
3830-12530-0039.wav,11.21
1263-139804-0009.wav,14.90
4160-11550-0006.wav,13.72
2391-145015-0066.wav,14.96
2893-139322-0019.wav,14.99
7278-104730-0032.wav,15.40
460-172359-0038.wav,15.16
445-123860-0023.wav,3.17
4137-11702-0034.wav,15.24
7367-86737-0035.wav,14.42
2989-138028-0074.wav,2.79
1624-168623-0052.wav,14.81
6836-76549-0004.wav,3.13
3947-13262-0040.wav,12.48
5789-70653-0014.wav,12.71
587-41619-0000.wav,14.36
4397-15678-0024.wav,13.45
311-124404-0085.wav,8.35
125-121124-0029.wav,13.85
4014-186175-0041.wav,2.54
6147-34605-0016.wav,12.04
2836-5354-0038.wav,14.20
150-126112-0016.wav,15.46
4788-294466-0028.wav,16.02
4297-13009-0039.wav,5.41
2436-2476-0038.wav,9.55
7794-295948-0004.wav,12.81
5322-7680-0010.wav,16.14
118-47824-0028.wav,6.72
7302-86814-0035.wav,14.70
1081-125237-0115.wav,6.21
5514-19193-0015.wav,11.69
5393-19219-0039.wav,12.29
7190-90543-0008.wav,13.04
3214-167602-0024.wav,4.46
2518-154825-0006.wav,13.76
887-123291-0032.wav,8.78
6563-285357-0030.wav,14.46
3807-4955-0003.wav,14.59
1594-135914-0037.wav,15.86
8770-295465-0002.wav,14.82
8580-287363-0006.wav,12.59
6848-76049-0012.wav,11.43
4340-15220-0016.wav,13.94
3168-173565-0061.wav,12.37
5750-35690-0020.wav,16.52
8324-286681-0015.wav,16.64
8098-278278-0004.wav,14.87
4441-76263-0030.wav,7.77
250-142276-0063.wav,11.75
3242-67153-0024.wav,7.01
5456-58161-0011.wav,9.68
103-1241-0036.wav,15.56
1069-133709-0006.wav,14.81
6000-86686-0011.wav,10.88
1363-135842-0005.wav,13.64
2843-152918-0112.wav,13.45
6437-66172-0035.wav,11.10
6818-68772-0040.wav,15.59
403-126855-0004.wav,14.69
458-126294-0015.wav,15.87
2289-152254-0002.wav,14.40
211-122442-0040.wav,14.98
4214-7146-0035.wav,13.48
6272-70168-0031.wav,12.98
2910-131096-0037.wav,14.61
1235-135887-0003.wav,13.73
5104-33407-0005.wav,7.58
5022-29411-0009.wav,15.85
3983-5371-0029.wav,13.54
1841-159771-0028.wav,8.32
4680-16026-0005.wav,7.07
8630-305212-0035.wav,12.04
481-123720-0009.wav,5.94
696-92939-0030.wav,13.95
6078-54013-0041.wav,6.13
2182-181173-0022.wav,13.63
1455-138263-0051.wav,13.14
4481-17498-0048.wav,13.56
8123-275193-0024.wav,15.84
730-358-0035.wav,5.83
911-128684-0022.wav,13.81
1502-122619-0004.wav,16.80
8226-274371-0015.wav,15.33
669-129061-0001.wav,13.34
8629-261139-0033.wav,12.73
322-124147-0015.wav,16.36
6019-3185-0037.wav,9.24
198-126831-0023.wav,11.27
426-122822-0017.wav,14.82
7059-88364-0025.wav,12.70
1334-135589-0003.wav,14.49
1116-137572-0051.wav,15.79
1098-133695-0017.wav,6.37
1898-145724-0017.wav,2.10
7078-271888-0042.wav,15.64
3436-172171-0012.wav,12.85
6385-220959-0009.wav,16.30
6925-80680-0037.wav,8.11
3259-158083-0106.wav,12.12
4853-29413-0009.wav,12.40
200-126784-0009.wav,15.81
3235-28433-0041.wav,14.16
19-198-0016.wav,15.39
4362-15663-0077.wav,13.29
7402-59171-0018.wav,16.55
1867-154075-0044.wav,2.83
8419-293473-0008.wav,15.16
1970-28415-0013.wav,9.27
8051-119902-0015.wav,8.58
2136-5140-0027.wav,9.55
3112-9555-0074.wav,12.55
441-128988-0013.wav,12.69
1246-124548-0029.wav,15.98
6476-57446-0080.wav,13.29
2911-7601-0003.wav,14.99
4898-20016-0009.wav,15.48
1034-121119-0095.wav,10.40
5339-14134-0053.wav,14.21
2159-179156-0005.wav,14.72
2092-145706-0071.wav,10.72
163-122947-0090.wav,14.30
196-122152-0018.wav,13.45
7517-100429-0002.wav,15.59
839-130898-0037.wav,15.76
8088-284756-0060.wav,11.90
2196-170379-0023.wav,12.72
4088-158077-0015.wav,14.28
446-123501-0059.wav,15.57
6531-61334-0020.wav,15.13
289-121665-0008.wav,15.10
8468-286673-0010.wav,15.01
7859-102519-0044.wav,15.79
5390-30102-0029.wav,14.02
405-130894-0030.wav,15.57
2817-142380-0000.wav,16.17
4018-107338-0032.wav,12.84
307-127535-0018.wav,15.00
3699-19401-0000.wav,11.38
2007-149877-0035.wav,12.95
2002-139469-0071.wav,14.65
7148-82991-0014.wav,6.00
909-131045-0015.wav,14.28
8108-280359-0017.wav,16.41
328-129766-0072.wav,11.39
831-130739-0060.wav,15.41
6415-100596-0005.wav,15.91
7635-105661-0022.wav,15.05
32-4137-0004.wav,13.61
7264-92314-0024.wav,17.02
8465-246942-0020.wav,13.97
1723-141149-0107.wav,15.75
6529-62554-0053.wav,14.46
226-131533-0030.wav,12.68
8838-298546-0052.wav,15.57
5808-54425-0041.wav,15.12
4640-19188-0018.wav,14.80
3374-298025-0020.wav,14.78
3440-171006-0029.wav,9.67
6081-42010-0030.wav,13.54
7780-274562-0051.wav,15.22
2416-152137-0004.wav,13.20
27-124992-0071.wav,7.92
3857-182315-0042.wav,11.26
8609-262281-0033.wav,13.86
248-130652-0018.wav,15.97
6181-216552-0076.wav,15.62
4195-17507-0034.wav,8.12
5678-43301-0018.wav,12.29
5049-25947-0018.wav,12.79
6064-56165-0008.wav,4.55
1963-142776-0014.wav,2.11
7312-92432-0020.wav,14.93
2952-407-0015.wav,15.14
5463-39173-0019.wav,14.70
233-134440-0030.wav,8.53
2384-152900-0054.wav,15.80
7511-102419-0019.wav,15.83
5867-48852-0024.wav,15.69
8063-274116-0039.wav,5.88
7113-86041-0088.wav,14.54
8014-112602-0020.wav,15.48
5688-41232-0036.wav,14.20
6454-93938-0002.wav,13.77
625-132118-0050.wav,11.59
4830-25904-0014.wav,13.33
229-130880-0025.wav,15.90
39-121916-0012.wav,11.96
7447-91187-0025.wav,15.13
4406-16883-0036.wav,15.77
8975-270782-0074.wav,15.70
6880-216547-0066.wav,15.05
78-368-0011.wav,12.80
254-127705-0023.wav,13.00
8747-293952-0041.wav,16.84
8425-287387-0007.wav,15.82
1737-148989-0016.wav,13.12
26-495-0011.wav,16.23
40-222-0008.wav,15.02
8095-274345-0024.wav,14.43
4051-11217-0037.wav,2.00
2691-156750-0014.wav,16.22
8312-279791-0029.wav,12.52
1183-128659-0011.wav,7.58
8238-274553-0027.wav,12.29
5652-19215-0001.wav,13.78
7226-86964-0060.wav,7.20
7067-76048-0031.wav,15.28
3486-166424-0035.wav,10.26
7800-283478-0028.wav,15.35
298-126790-0028.wav,16.13
1088-134315-0054.wav,14.70
3723-171115-0000.wav,13.01
83-11691-0036.wav,13.18
89-218-0020.wav,9.61
3240-131231-0051.wav,3.38
7178-34645-0005.wav,7.46
5703-47198-0023.wav,15.04
1040-133433-0051.wav,7.06
1743-142912-0025.wav,13.34
5192-19397-0074.wav,15.94
201-127786-0048.wav,5.46
4267-78186-0015.wav,12.22
6367-65536-0026.wav,13.03
1992-141719-0050.wav,11.88
1355-39947-0058.wav,10.80
7505-258958-0011.wav,13.22
5163-39921-0004.wav,13.57
5561-39621-0020.wav,6.66
5778-12761-0012.wav,12.40
3607-29116-0002.wav,14.13
87-121553-0009.wav,15.03
1578-6379-0046.wav,14.54
302-123504-0030.wav,16.05
3526-175658-0004.wav,15.49
1447-130551-0008.wav,12.81
4859-22176-0017.wav,15.71
3879-174923-0014.wav,15.64
2514-149482-0041.wav,15.62
374-180298-0028.wav,15.04
1926-147987-0019.wav,16.77
8797-294123-0064.wav,13.58
6209-34601-0014.wav,14.24
2764-36619-0001.wav,10.78
3982-182255-0010.wav,16.02
332-128985-0037.wav,9.66
60-121082-0034.wav,13.18
412-126975-0009.wav,14.54
4813-248641-0032.wav,14.20
1553-140047-0046.wav,12.41
3664-178355-0029.wav,11.98
3830-12531-0025.wav,7.50
1263-139804-0028.wav,13.32
4160-11550-0024.wav,14.28
2391-145015-0015.wav,11.06
2893-139322-0041.wav,17.30
7278-91083-0032.wav,15.41
460-172359-0044.wav,14.94
445-123857-0027.wav,15.73
4137-11701-0006.wav,11.89
7367-86737-0060.wav,13.75
2989-138035-0033.wav,15.11
1624-168623-0050.wav,14.13
6836-61803-0036.wav,7.06
3947-13260-0015.wav,15.76
5789-57195-0029.wav,12.04
587-41611-0019.wav,15.85
4397-15668-0033.wav,13.74
311-124404-0030.wav,12.53
125-121342-0030.wav,6.96
4014-186183-0005.wav,2.29
6147-34607-0019.wav,13.70
2836-5355-0034.wav,15.01
150-126112-0006.wav,15.32
4788-294466-0008.wav,16.64
4297-13006-0015.wav,14.15
2436-2476-0000.wav,14.89
7794-295955-0013.wav,12.07
5322-7678-0031.wav,15.37
118-47824-0014.wav,13.90
7302-86815-0061.wav,8.98
1081-128618-0000.wav,9.10
5514-19192-0003.wav,13.35
5393-19219-0000.wav,14.12
7190-90542-0031.wav,14.93
3214-167602-0014.wav,15.24
2518-154825-0053.wav,14.64
887-123290-0014.wav,15.91
6563-63821-0012.wav,15.23
3807-4923-0038.wav,8.55
1594-135914-0072.wav,13.77
8770-295463-0021.wav,15.97
8580-287363-0002.wav,14.84
6848-252323-0003.wav,12.00
4340-15220-0001.wav,16.73
3168-173564-0029.wav,14.46
5750-100289-0055.wav,13.06
8324-286683-0035.wav,16.19
8098-278252-0031.wav,11.82
4441-76262-0030.wav,2.88
250-142276-0021.wav,15.77
3242-8112-0018.wav,6.33
5456-62043-0014.wav,12.62
103-1240-0035.wav,16.05
1069-133699-0027.wav,15.23
6000-55211-0035.wav,15.75
1363-135842-0031.wav,7.52
2843-152918-0062.wav,15.54
6437-66172-0037.wav,13.39
6818-76332-0037.wav,15.65
403-126855-0027.wav,4.53
458-126305-0032.wav,13.89
2289-152253-0008.wav,14.39
211-122442-0067.wav,2.33
4214-7146-0050.wav,15.45
6272-70171-0006.wav,14.47
2910-131096-0053.wav,14.29
1235-135884-0012.wav,16.51
5104-33406-0021.wav,4.59
5022-29411-0007.wav,14.27
3983-5331-0036.wav,9.47
1841-159771-0011.wav,12.55
4680-16026-0015.wav,8.96
8630-305213-0030.wav,16.36
481-123719-0036.wav,12.64
696-93314-0009.wav,15.35
6078-54013-0034.wav,3.37
2182-150130-0029.wav,14.27
1455-134435-0047.wav,16.03
4481-17498-0047.wav,14.80
8123-275193-0019.wav,11.33
730-358-0049.wav,7.74
911-128684-0025.wav,13.43
1502-122619-0000.wav,10.74
8226-274369-0052.wav,16.77
669-129074-0013.wav,13.44
8629-261139-0030.wav,3.17
322-124147-0025.wav,14.48
6019-3185-0047.wav,15.97
198-126831-0047.wav,7.01
426-122819-0029.wav,13.27
7059-77900-0038.wav,11.93
1334-135589-0023.wav,14.69
1116-132847-0027.wav,11.23
1098-133695-0019.wav,15.23
1898-145715-0038.wav,14.37
7078-271888-0025.wav,16.14
3436-172162-0047.wav,15.45
6385-34655-0010.wav,14.90
6925-80680-0031.wav,15.11
3259-158083-0079.wav,14.81
4853-27671-0031.wav,14.24
200-124139-0003.wav,11.53
3235-28433-0009.wav,14.10
19-227-0011.wav,15.07
4362-15663-0100.wav,15.85
7402-59171-0042.wav,10.41
1867-148436-0042.wav,14.37
8419-293473-0001.wav,14.54
1970-10594-0009.wav,13.77
8051-118101-0016.wav,3.17
2136-5147-0024.wav,8.71
3112-9555-0034.wav,16.14
441-130108-0017.wav,12.81
1246-135815-0003.wav,14.83
6476-96661-0020.wav,14.44
2911-7601-0015.wav,15.05
4898-20016-0023.wav,14.28
1034-121119-0083.wav,14.74
5339-14134-0007.wav,14.43
2159-179154-0016.wav,12.52
2092-145709-0014.wav,15.34
163-122947-0046.wav,13.11
196-122150-0033.wav,15.74
7517-100442-0015.wav,14.38
839-130898-0022.wav,15.54
8088-284756-0082.wav,2.62
2196-174172-0006.wav,14.69
4088-158079-0014.wav,12.44
446-123502-0015.wav,13.27
6531-61334-0075.wav,2.87
289-121652-0017.wav,16.41
8468-294887-0014.wav,12.97
7859-102519-0025.wav,12.36
5390-24512-0013.wav,14.91
405-130894-0071.wav,13.49
2817-142371-0011.wav,15.66
4018-103416-0013.wav,15.32
307-127535-0030.wav,11.79
3699-47246-0029.wav,13.69
2007-132570-0024.wav,12.60
2002-139469-0023.wav,15.20
7148-82991-0018.wav,14.76
909-131044-0019.wav,15.46
8108-280359-0008.wav,15.82
328-129766-0029.wav,6.75
831-130746-0001.wav,15.08
6415-111615-0034.wav,15.12
7635-105409-0043.wav,13.01
32-21634-0019.wav,8.48
7264-92314-0003.wav,14.97
8465-246940-0006.wav,15.64
1723-141149-0080.wav,15.94
6529-62554-0003.wav,15.73
226-131532-0008.wav,15.07
8838-298545-0029.wav,15.29
5808-48608-0027.wav,6.20
4640-19189-0002.wav,10.43
3374-298025-0013.wav,13.77
3440-171009-0036.wav,14.69
6081-41997-0017.wav,4.36
7780-274562-0076.wav,15.80
2416-152137-0025.wav,15.74
27-124992-0044.wav,4.33
3857-182317-0018.wav,14.26
8609-283227-0044.wav,14.68
248-130652-0004.wav,15.04
6181-216552-0066.wav,16.76
4195-186237-0028.wav,14.68
5678-43303-0031.wav,12.08
5049-25947-0028.wav,16.57
6064-56165-0021.wav,12.82
1963-142776-0006.wav,12.21
7312-92432-0002.wav,12.24
2952-410-0025.wav,11.34
5463-39173-0052.wav,14.59
233-155990-0021.wav,15.03
2384-152900-0080.wav,16.64
7511-102420-0008.wav,14.96
5867-48852-0098.wav,14.64
8063-274115-0033.wav,3.88
7113-86041-0065.wav,16.29
8014-112602-0005.wav,13.87
5688-41232-0055.wav,12.29
6454-107462-0015.wav,12.94
625-132118-0000.wav,2.66
4830-25904-0012.wav,15.49
229-130880-0018.wav,7.81
39-121914-0013.wav,16.95
7447-91187-0001.wav,13.59
4406-16882-0003.wav,11.07
8975-270782-0081.wav,14.56
6880-216547-0031.wav,16.07
78-369-0010.wav,12.47
254-12312-0016.wav,14.59
8747-293952-0007.wav,14.96
8425-292520-0017.wav,13.58
1737-148989-0003.wav,12.90
26-495-0056.wav,14.84
40-121026-0031.wav,14.06
8095-274348-0013.wav,15.81
4051-11217-0003.wav,7.03
2691-156750-0015.wav,12.82
8312-279791-0038.wav,13.31
1183-133255-0006.wav,15.06
8238-274553-0005.wav,12.74
5652-19215-0055.wav,9.17
7226-86964-0039.wav,15.49
7067-76048-0007.wav,12.53
3486-166424-0025.wav,13.72
7800-283493-0023.wav,12.93
298-126790-0016.wav,12.21
1088-134315-0021.wav,15.51
3723-171631-0023.wav,6.20
83-11691-0042.wav,2.89
89-219-0017.wav,10.66
3240-131231-0075.wav,15.43
7178-34645-0028.wav,15.02
5703-47198-0042.wav,9.54
1040-133433-0047.wav,11.59
1743-142913-0024.wav,14.90
5192-19396-0029.wav,15.74
201-122255-0011.wav,13.96
4267-287369-0014.wav,13.39
6367-65536-0046.wav,15.07
1992-141719-0019.wav,5.54
1355-39947-0088.wav,14.34
7505-258964-0013.wav,14.04
5163-39921-0002.wav,16.15
5561-41615-0001.wav,10.59
5778-12761-0024.wav,5.12
3607-135982-0031.wav,15.41
87-121553-0026.wav,8.28
1578-6379-0029.wav,2.92
302-123523-0008.wav,15.91
3526-176653-0027.wav,16.77
1447-17506-0029.wav,14.71
4859-22176-0009.wav,15.89
3879-173592-0042.wav,15.55
2514-149482-0058.wav,11.20
374-180298-0013.wav,12.96
1926-147979-0046.wav,15.62
8797-294123-0060.wav,15.44
6209-34599-0013.wav,13.91
2764-36616-0003.wav,12.95
3982-182255-0003.wav,15.22
332-128985-0048.wav,16.40
60-121082-0046.wav,15.76
412-126975-0090.wav,14.15
4813-248638-0009.wav,13.35
1553-140048-0044.wav,16.06
3664-11714-0002.wav,14.02
3830-12531-0016.wav,15.38
1263-141777-0008.wav,16.05
4160-11549-0003.wav,14.88
2391-145015-0032.wav,12.81
2893-139322-0020.wav,4.72
7278-246956-0025.wav,14.59
460-172359-0080.wav,16.31
445-123857-0031.wav,8.02
4137-11702-0029.wav,3.69
7367-86737-0098.wav,4.78
2989-138028-0048.wav,9.13
1624-142933-0010.wav,15.27
6836-76549-0022.wav,16.11
3947-13262-0004.wav,14.29
5789-57195-0025.wav,16.75
587-41611-0002.wav,13.19
4397-15678-0028.wav,15.98
311-124404-0032.wav,9.98
125-121124-0019.wav,13.89
4014-186175-0027.wav,16.66
6147-34607-0017.wav,16.86
2836-5355-0053.wav,9.64
150-132655-0031.wav,2.29
4788-94904-0011.wav,13.07
4297-13009-0062.wav,11.67
2436-2481-0034.wav,11.02
7794-295947-0041.wav,15.24
5322-7680-0022.wav,16.62
118-47824-0009.wav,14.97
7302-86815-0018.wav,5.67
1081-125237-0108.wav,5.96
5514-19193-0011.wav,15.33
5393-19218-0008.wav,15.61
7190-90543-0005.wav,15.99
3214-167607-0029.wav,14.88
2518-154825-0039.wav,14.99
887-123289-0007.wav,15.56
6563-285357-0026.wav,3.98
3807-4955-0029.wav,15.12
1594-135914-0127.wav,10.15
8770-295463-0022.wav,11.36
8580-287364-0039.wav,16.65
6848-252323-0037.wav,11.88
4340-15220-0035.wav,14.66
3168-173564-0023.wav,16.72
5750-100289-0071.wav,15.84
8324-286682-0048.wav,14.90
8098-275181-0003.wav,15.89
4441-76263-0001.wav,14.02
250-142276-0013.wav,13.24
3242-67168-0022.wav,10.73
5456-62043-0005.wav,12.05
103-1240-0031.wav,16.86
1069-133699-0051.wav,14.12
6000-55211-0059.wav,12.57
1363-139304-0038.wav,12.95
2843-152918-0010.wav,13.13
6437-66173-0020.wav,13.41
6818-76332-0017.wav,14.65
403-216-0010.wav,15.13
458-126305-0005.wav,7.49
2289-152254-0017.wav,12.41
211-122442-0064.wav,2.35
4214-7146-0049.wav,12.86
6272-70168-0005.wav,9.49
2910-131096-0087.wav,14.89
1235-135884-0029.wav,8.73
5104-33406-0047.wav,14.29
5022-29411-0065.wav,15.79
3983-5331-0028.wav,14.11
1841-159771-0027.wav,11.86
4680-16042-0028.wav,14.51
8630-305213-0008.wav,11.32
481-123719-0000.wav,5.25
696-93314-0042.wav,15.21
6078-54013-0035.wav,5.72
2182-150130-0008.wav,9.72
1455-134435-0032.wav,15.89
4481-17498-0022.wav,14.62
8123-275216-0021.wav,16.29
730-359-0015.wav,13.79
911-128684-0034.wav,15.11
1502-122619-0092.wav,11.62
8226-274369-0054.wav,14.12
669-129061-0042.wav,15.22
8629-261139-0044.wav,15.39
322-124147-0000.wav,15.02
6019-3185-0006.wav,14.47
198-209-0026.wav,15.83
426-122822-0018.wav,10.98
7059-88364-0011.wav,12.61
1334-135589-0103.wav,14.93
1116-132851-0018.wav,3.31
1098-133695-0029.wav,14.27
1898-145702-0002.wav,11.91
7078-271888-0085.wav,10.95
3436-172171-0010.wav,7.25
6385-34669-0012.wav,11.10
6925-80680-0002.wav,15.52
3259-158083-0037.wav,3.67
4853-27670-0023.wav,12.89
200-124139-0030.wav,14.71
3235-28452-0013.wav,16.01
19-227-0034.wav,11.40
4362-15663-0046.wav,14.99
7402-90848-0054.wav,14.83
1867-148436-0021.wav,11.02
8419-293473-0007.wav,15.84
1970-10594-0030.wav,8.26
8051-295385-0000.wav,15.34
2136-5147-0001.wav,12.59
3112-9555-0081.wav,14.88
441-128982-0016.wav,10.38
1246-124548-0011.wav,14.69
6476-96661-0026.wav,9.65
2911-12359-0018.wav,14.51
4898-28461-0041.wav,12.61
1034-121119-0063.wav,15.04
5339-14134-0070.wav,9.47
2159-179157-0009.wav,14.11
2092-145706-0079.wav,15.36
163-121908-0007.wav,15.80
196-122150-0015.wav,13.87
7517-100429-0020.wav,14.79
839-130898-0066.wav,15.55
8088-284756-0081.wav,7.11
2196-174172-0005.wav,15.57
4088-158077-0057.wav,8.48
446-123501-0020.wav,14.47
6531-61334-0080.wav,3.94
289-121665-0045.wav,8.47
8468-286673-0038.wav,11.42
7859-102519-0048.wav,11.13
5390-24512-0041.wav,3.73
405-130894-0050.wav,8.39
2817-142371-0007.wav,15.50
4018-103416-0010.wav,14.43
307-127535-0019.wav,5.08
3699-19401-0024.wav,13.62
2007-132570-0021.wav,12.14
2002-139469-0037.wav,14.96
7148-7763-0008.wav,16.07
909-131041-0021.wav,14.97
8108-274318-0014.wav,14.51
328-129766-0066.wav,15.11
831-130746-0005.wav,12.64
6415-116629-0015.wav,12.47
7635-105661-0011.wav,14.04
32-21634-0011.wav,14.21
7264-92316-0033.wav,10.04
8465-246940-0018.wav,10.61
1723-141149-0029.wav,14.80
6529-62556-0025.wav,15.32
226-131533-0000.wav,12.34
8838-298545-0004.wav,12.97
5808-48608-0024.wav,14.91
4640-19188-0006.wav,5.87
3374-298026-0025.wav,12.16
3440-171009-0045.wav,15.09
6081-41997-0030.wav,13.84
7780-274562-0018.wav,16.66
2416-152137-0013.wav,13.43
27-123349-0032.wav,14.19
3857-182315-0004.wav,12.06
8609-262281-0041.wav,8.07
248-130697-0010.wav,16.04
6181-216552-0071.wav,13.00
4195-186238-0025.wav,8.38
5678-43302-0006.wav,13.01
5049-25947-0084.wav,13.49
6064-300880-0033.wav,9.01
1963-142393-0041.wav,13.37
7312-92432-0016.wav,12.12
2952-410-0027.wav,15.76
5463-39173-0040.wav,14.68
233-134440-0032.wav,13.46
2384-152900-0030.wav,14.50
7511-102420-0017.wav,15.80
5867-48852-0078.wav,14.80
8063-274115-0005.wav,14.54
7113-86041-0085.wav,2.29
8014-112586-0006.wav,12.81
5688-41232-0004.wav,6.50
6454-93938-0018.wav,15.93
625-132112-0020.wav,14.91
4830-25904-0038.wav,13.00
229-130880-0019.wav,11.24
39-121915-0032.wav,11.95
7447-91187-0000.wav,15.73
4406-16882-0047.wav,6.08
8975-270782-0013.wav,12.79
6880-216547-0053.wav,14.38
78-368-0044.wav,7.87
254-145458-0013.wav,2.48
8747-293952-0094.wav,15.51
8425-246962-0018.wav,15.57
1737-148989-0007.wav,12.94
26-495-0064.wav,14.52
40-121026-0026.wav,14.39
8095-274348-0000.wav,4.67
4051-10927-0024.wav,15.07
2691-156745-0029.wav,14.33
8312-279791-0021.wav,15.43
1183-133255-0008.wav,6.78
8238-283452-0011.wav,15.06
5652-39938-0038.wav,14.72
7226-86964-0051.wav,13.65
7067-76047-0047.wav,11.58
3486-166424-0000.wav,11.35
7800-283492-0014.wav,11.10
298-126791-0043.wav,15.28
1088-134315-0010.wav,16.01
3723-171631-0046.wav,7.26
83-9960-0027.wav,13.66
89-218-0054.wav,15.29
3240-131231-0071.wav,11.44
7178-34644-0020.wav,14.60
5703-47198-0026.wav,14.85
1040-133433-0056.wav,12.68
1743-142913-0003.wav,12.57
5192-19397-0007.wav,6.42
201-127786-0002.wav,14.65
4267-78186-0000.wav,13.28
6367-74004-0005.wav,14.69
1992-141719-0051.wav,12.88
1355-39947-0046.wav,4.92
7505-258964-0014.wav,15.04
5163-18515-0007.wav,16.04
5561-39621-0023.wav,12.43
5778-12761-0003.wav,9.53
3607-29116-0027.wav,15.59
87-121553-0056.wav,15.88
1578-140049-0006.wav,14.59
302-123516-0001.wav,14.52
3526-176653-0009.wav,15.87
1447-17506-0009.wav,13.49
4859-26870-0016.wav,12.98
3879-173592-0038.wav,13.22
2514-149482-0031.wav,7.41
374-180298-0050.wav,13.79
1926-147979-0002.wav,12.55
8797-294123-0077.wav,13.38
6209-34601-0005.wav,5.86
2764-36616-0036.wav,16.07
3982-178459-0026.wav,16.46
332-128985-0051.wav,13.38
60-121082-0033.wav,10.37
412-126975-0063.wav,11.37
4813-248641-0002.wav,15.29
1553-140047-0018.wav,15.29
3664-178366-0037.wav,15.81
3830-12531-0013.wav,14.64
1263-138246-0013.wav,13.39
4160-11549-0031.wav,11.54
2391-145015-0061.wav,6.16
2893-139310-0003.wav,12.09
7278-91083-0015.wav,14.77
460-172359-0069.wav,14.15
445-123857-0010.wav,15.24
4137-11701-0031.wav,13.53
7367-86737-0014.wav,9.15
2989-138028-0017.wav,4.15
1624-168623-0040.wav,15.44
6836-61803-0033.wav,15.68
3947-13260-0008.wav,8.00
5789-57158-0022.wav,11.46
587-54108-0057.wav,13.48
4397-15666-0012.wav,12.11
311-124404-0070.wav,15.15
125-121124-0036.wav,9.94
4014-186175-0016.wav,9.34
6147-34605-0033.wav,14.65
2836-5354-0013.wav,15.97
150-126112-0015.wav,16.75
4788-91208-0004.wav,15.29
4297-13006-0009.wav,13.20
2436-2476-0028.wav,15.02
7794-295948-0005.wav,13.38
5322-7679-0028.wav,14.25
118-124588-0002.wav,13.60
7302-86814-0045.wav,13.39
1081-125237-0006.wav,9.88
5514-19192-0040.wav,2.86
5393-19218-0023.wav,8.30
7190-90543-0034.wav,5.71
3214-167602-0002.wav,2.04
2518-154826-0049.wav,10.64
887-123289-0016.wav,14.59
6563-285357-0032.wav,3.29
3807-4955-0017.wav,15.99
1594-135914-0096.wav,9.68
8770-295462-0012.wav,13.87
8580-287364-0038.wav,9.93
6848-76049-0007.wav,12.24
4340-15220-0087.wav,8.90
3168-173564-0004.wav,14.24
5750-35690-0000.wav,6.49
8324-286682-0005.wav,15.93
8098-278278-0007.wav,14.02
4441-76263-0041.wav,8.34
250-142276-0047.wav,14.23
3242-67168-0026.wav,11.02
5456-62043-0036.wav,8.34
103-1240-0028.wav,15.65
1069-133699-0007.wav,12.52
6000-55211-0031.wav,15.54
1363-139304-0004.wav,12.71
2843-152918-0000.wav,12.40
6437-66173-0028.wav,10.90
6818-68772-0000.wav,14.77
403-126855-0024.wav,11.40
458-126290-0015.wav,14.67
2289-152257-0020.wav,14.28
211-122442-0024.wav,13.96
4214-7146-0013.wav,15.42
6272-70171-0008.wav,16.02
2910-131096-0069.wav,8.48
1235-135884-0005.wav,7.77
5104-33406-0020.wav,15.71
5022-29405-0012.wav,11.49
3983-5371-0033.wav,9.61
1841-150351-0012.wav,15.04
4680-16041-0021.wav,2.25
8630-305213-0023.wav,13.85
481-123720-0026.wav,11.87
696-92939-0010.wav,14.86
6078-54013-0065.wav,14.62
2182-150130-0033.wav,14.02
1455-138263-0021.wav,14.54
4481-17498-0001.wav,7.10
8123-275216-0001.wav,13.74
730-359-0014.wav,2.73
911-128684-0054.wav,13.77
1502-122619-0047.wav,10.97
8226-274371-0011.wav,14.82
669-129061-0069.wav,13.08
8629-261139-0071.wav,14.88
322-124146-0030.wav,12.40
6019-3185-0044.wav,14.82
198-126831-0048.wav,4.99
426-122822-0023.wav,13.90
7059-77900-0017.wav,7.33
1334-135589-0089.wav,15.25
1116-137572-0019.wav,16.27
1098-133695-0049.wav,15.10
1898-145702-0015.wav,15.89
7078-271888-0102.wav,14.74
3436-172171-0013.wav,14.44
6385-34669-0001.wav,9.81
6925-80680-0073.wav,14.49
3259-158083-0083.wav,15.35
4853-27670-0024.wav,13.47
200-124140-0008.wav,13.52
3235-28452-0016.wav,15.56
19-227-0015.wav,14.96
4362-15663-0042.wav,16.00
7402-59171-0037.wav,13.72
1867-148436-0007.wav,14.25
8419-286667-0004.wav,15.98
1970-10594-0044.wav,6.20
8051-295385-0015.wav,14.20
2136-5143-0013.wav,15.28
3112-9555-0062.wav,12.55
441-130108-0026.wav,14.71
1246-124550-0003.wav,14.85
6476-57446-0054.wav,14.48
2911-7601-0032.wav,15.47
4898-28461-0032.wav,13.45
1034-121119-0050.wav,14.03
5339-14133-0023.wav,12.20
2159-179157-0007.wav,12.50
2092-145706-0076.wav,16.38
163-122947-0058.wav,13.38
196-122150-0011.wav,16.07
7517-100442-0008.wav,16.35
839-130898-0010.wav,14.85
8088-284756-0088.wav,5.64
2196-170151-0008.wav,15.19
4088-158077-0021.wav,8.17
446-123501-0008.wav,12.53
6531-61334-0077.wav,9.36
289-121652-0024.wav,15.12
8468-286673-0005.wav,16.16
7859-102519-0034.wav,14.24
5390-30096-0021.wav,15.22
405-130894-0024.wav,13.22
2817-142371-0076.wav,8.93
4018-103416-0023.wav,4.17
307-127540-0007.wav,15.72
3699-47246-0005.wav,14.68
2007-149877-0042.wav,4.02
2002-139469-0012.wav,15.16
7148-7763-0032.wav,15.87
909-131045-0030.wav,15.31
8108-274318-0011.wav,14.52
328-129766-0035.wav,16.28
831-130746-0050.wav,14.40
6415-116629-0035.wav,14.64
7635-105409-0071.wav,11.54
32-4137-0002.wav,12.87
7264-92316-0003.wav,8.01
8465-246947-0015.wav,14.73
1723-141149-0008.wav,8.23
6529-62554-0056.wav,12.09
226-131533-0008.wav,14.90
8838-298545-0047.wav,14.86
5808-54425-0023.wav,15.80
4640-19189-0023.wav,16.00
3374-298032-0032.wav,9.06
3440-171009-0070.wav,11.96
6081-41998-0026.wav,8.66
7780-274562-0041.wav,15.33
2416-152139-0025.wav,11.69
27-124992-0016.wav,2.51
3857-180923-0006.wav,14.30
8609-262281-0017.wav,13.77
248-130652-0036.wav,13.99
6181-216552-0098.wav,14.38
4195-186236-0028.wav,1.99
5678-43302-0012.wav,15.10
5049-25947-0010.wav,3.71
6064-56165-0034.wav,14.78
1963-142393-0049.wav,15.47
7312-92432-0018.wav,9.20
2952-408-0008.wav,9.89
5463-39173-0059.wav,8.54
233-155990-0032.wav,14.51
2384-152900-0066.wav,15.22
7511-102420-0004.wav,15.61
5867-48852-0100.wav,15.90
8063-274115-0026.wav,5.58
7113-86041-0075.wav,15.47
8014-112602-0026.wav,15.88
5688-41232-0042.wav,14.05
6454-120342-0015.wav,13.16
625-132112-0007.wav,16.34
4830-25904-0045.wav,13.48
229-130880-0060.wav,12.00
39-121916-0002.wav,15.76
7447-91187-0053.wav,12.41
4406-16882-0026.wav,15.43
8975-270782-0038.wav,12.65
6880-216547-0033.wav,14.95
78-368-0004.wav,15.04
254-145458-0007.wav,16.10
8747-293952-0014.wav,15.93
8425-246962-0023.wav,15.98
1737-142396-0010.wav,14.31
26-495-0003.wav,9.04
40-222-0060.wav,13.30
8095-274348-0011.wav,11.46
4051-11218-0007.wav,14.62
2691-156745-0028.wav,5.67
8312-279790-0044.wav,13.35
1183-133255-0005.wav,2.44
8238-274553-0044.wav,8.34
5652-39938-0041.wav,10.46
7226-86964-0017.wav,14.51
7067-76048-0004.wav,13.46
3486-166424-0018.wav,15.30
7800-283478-0022.wav,12.29
298-126790-0018.wav,14.40
1088-134315-0020.wav,6.09
3723-171115-0041.wav,15.94
83-11691-0044.wav,13.79
89-218-0016.wav,14.78
3240-131231-0066.wav,15.10
7178-34645-0029.wav,4.53
5703-47212-0003.wav,14.14
1040-133433-0066.wav,2.40
1743-142912-0022.wav,14.69
5192-19397-0073.wav,15.71
201-127786-0059.wav,13.71
4267-72637-0022.wav,14.36
6367-74004-0021.wav,12.30
1992-141719-0055.wav,12.85
1355-39947-0011.wav,15.53
7505-258964-0020.wav,16.41
5163-39921-0030.wav,14.99
5561-41615-0045.wav,15.86
5778-12761-0002.wav,16.36
3607-135982-0010.wav,15.07
87-121553-0043.wav,14.26
1578-6379-0021.wav,15.77
302-123523-0001.wav,7.33
3526-176653-0052.wav,14.36
1447-17506-0006.wav,8.09
4859-29340-0001.wav,12.53
3879-174923-0071.wav,15.05
2514-149482-0054.wav,5.05
374-180298-0001.wav,16.09
1926-147987-0016.wav,13.20
8797-294123-0006.wav,11.63
6209-34601-0028.wav,5.59
2764-36617-0023.wav,5.38
3982-182255-0037.wav,16.50
332-128985-0012.wav,16.04
60-121082-0061.wav,8.63
412-126975-0007.wav,11.83
4813-248641-0034.wav,14.30
1553-140047-0025.wav,13.21
3664-178355-0016.wav,12.93
3830-12530-0020.wav,12.21
1263-141777-0040.wav,15.99
4160-11550-0034.wav,14.79
2391-145015-0081.wav,13.89
2893-139322-0050.wav,16.68
7278-246956-0006.wav,13.61
460-172359-0075.wav,14.67
445-123860-0007.wav,9.83
4137-11701-0014.wav,11.35
7367-86737-0052.wav,15.66
2989-138035-0045.wav,2.00
1624-168623-0037.wav,3.56
6836-61803-0028.wav,13.89
3947-13262-0010.wav,14.06
5789-57195-0020.wav,9.88
587-54108-0015.wav,9.62
4397-15666-0016.wav,15.30
311-124404-0049.wav,15.54
125-121124-0057.wav,6.38
4014-186176-0012.wav,13.35
6147-34605-0021.wav,6.32
2836-5355-0025.wav,13.89
150-132655-0019.wav,13.20
4788-94904-0026.wav,14.81
4297-13009-0059.wav,5.13
2436-2476-0027.wav,13.85
7794-295947-0024.wav,16.07
5322-7679-0034.wav,15.27
118-124588-0021.wav,6.55
7302-86814-0041.wav,4.57
1081-125237-0011.wav,14.58
5514-19192-0021.wav,15.36
5393-19219-0006.wav,5.29
7190-90542-0048.wav,16.23
3214-167607-0014.wav,14.31
2518-154826-0036.wav,15.83
887-123291-0034.wav,2.92
6563-285357-0013.wav,16.41
3807-4923-0022.wav,13.52
1594-135914-0024.wav,13.07
8770-295463-0001.wav,15.50
8580-287364-0028.wav,12.73
6848-76049-0034.wav,13.07
4340-15220-0099.wav,13.56
3168-173565-0014.wav,15.48
5750-100289-0062.wav,7.93
8324-286683-0026.wav,15.37
8098-278278-0010.wav,15.05
4441-76250-0019.wav,14.06
250-142276-0018.wav,15.04
3242-8112-0036.wav,15.53
5456-62014-0003.wav,5.42
103-1240-0017.wav,14.31
1069-133709-0052.wav,9.75
6000-55211-0058.wav,14.95
1363-139304-0039.wav,14.78
2843-152918-0109.wav,14.63
6437-66173-0022.wav,13.66
6818-76332-0001.wav,8.45
403-128339-0021.wav,11.93
458-126305-0004.wav,14.02
2289-152258-0011.wav,6.80
211-122442-0054.wav,15.02
4214-7146-0059.wav,14.87
6272-70171-0010.wav,14.24
2910-131096-0016.wav,13.71
1235-135887-0004.wav,10.91
5104-33406-0012.wav,3.98
5022-29411-0001.wav,14.46
3983-5371-0058.wav,5.71
1841-159771-0023.wav,13.53
4680-16041-0017.wav,10.95
8630-305212-0002.wav,15.14
481-123720-0064.wav,2.49
696-93314-0033.wav,13.21
6078-54013-0053.wav,4.11
2182-181173-0007.wav,15.26
1455-134435-0002.wav,15.64
4481-17498-0025.wav,16.66
8123-275193-0020.wav,15.89
730-359-0039.wav,6.63
911-128684-0011.wav,12.26
1502-122615-0010.wav,15.80
8226-274369-0038.wav,10.48
669-129061-0057.wav,16.10
8629-261139-0053.wav,12.18
322-124146-0026.wav,9.57
6019-3185-0059.wav,14.98
198-209-0033.wav,6.26
426-122822-0013.wav,14.84
7059-88364-0004.wav,14.79
1334-135589-0097.wav,15.49
1116-132847-0032.wav,9.71
1098-133695-0086.wav,3.94
1898-145724-0028.wav,14.47
7078-271888-0099.wav,15.31
3436-172171-0006.wav,14.24
6385-34655-0025.wav,10.86
6925-80680-0042.wav,15.00
3259-158083-0021.wav,11.74
4853-29413-0021.wav,15.77
200-124140-0023.wav,6.33
3235-28433-0011.wav,14.93
19-227-0070.wav,8.42
4362-15663-0052.wav,14.84
7402-90848-0041.wav,13.71
1867-154071-0010.wav,10.99
8419-286667-0025.wav,16.03
1970-10594-0040.wav,12.80
8051-119902-0023.wav,7.71
2136-5147-0020.wav,7.03
3112-9555-0039.wav,15.59
441-128988-0024.wav,13.80
1246-124548-0012.wav,15.56
6476-96661-0009.wav,15.54
2911-7601-0002.wav,14.74
4898-28461-0002.wav,16.57
1034-121119-0082.wav,14.06
5339-14133-0047.wav,3.81
2159-179154-0030.wav,16.02
2092-145706-0060.wav,13.17
163-122947-0039.wav,14.95
196-122150-0020.wav,16.05
7517-100429-0011.wav,12.01
839-130898-0048.wav,14.91
8088-284756-0063.wav,13.56
2196-170151-0029.wav,14.02
4088-158077-0076.wav,3.69
446-123501-0044.wav,14.38
6531-61334-0009.wav,2.14
289-121665-0006.wav,11.93
8468-286673-0006.wav,12.49
7859-102519-0018.wav,9.39
5390-30096-0011.wav,13.69
405-130894-0078.wav,5.20
2817-142380-0005.wav,14.95
4018-107338-0016.wav,14.79
307-127539-0041.wav,12.07
3699-19401-0013.wav,15.55
2007-132570-0051.wav,15.38
2002-139469-0060.wav,11.76
7148-82991-0007.wav,15.10
909-131044-0006.wav,14.44
8108-280354-0011.wav,7.33
328-129766-0024.wav,15.99
831-130739-0022.wav,9.97
6415-116629-0004.wav,14.28
7635-105661-0017.wav,9.70
32-21631-0016.wav,7.58
7264-92316-0013.wav,10.79
8465-246940-0028.wav,14.58
1723-141149-0090.wav,12.56
6529-62554-0022.wav,15.62
226-131533-0019.wav,13.28
8838-298545-0022.wav,15.04
5808-48608-0060.wav,8.86
4640-19188-0017.wav,15.60
3374-298032-0021.wav,12.44
3440-171009-0040.wav,16.27
6081-41998-0038.wav,16.50
7780-274562-0047.wav,11.08
2416-152137-0024.wav,12.83
27-123349-0015.wav,14.30
3857-182317-0016.wav,14.06
8609-283227-0015.wav,15.70
248-130644-0011.wav,14.38
6181-216552-0014.wav,14.73
4195-186237-0000.wav,6.08
5678-43302-0034.wav,14.91
5049-25947-0095.wav,13.95
6064-56165-0032.wav,11.41
1963-142393-0034.wav,15.53
7312-92432-0009.wav,4.20
2952-408-0025.wav,13.41
5463-39173-0031.wav,7.97
233-155990-0026.wav,12.36
2384-152900-0078.wav,7.88
7511-102419-0022.wav,14.04
5867-48852-0017.wav,2.71
8063-274116-0026.wav,11.51
7113-86041-0076.wav,15.64
8014-112602-0038.wav,10.36
5688-15787-0019.wav,15.95
6454-107462-0000.wav,12.98
625-132118-0041.wav,11.57
4830-25898-0010.wav,13.55
229-130880-0001.wav,15.82
39-121915-0007.wav,3.73
7447-91187-0052.wav,14.11
4406-16882-0036.wav,4.25
8975-270782-0030.wav,15.71
6880-216547-0062.wav,14.90
78-369-0006.wav,15.88
254-127705-0041.wav,13.41
8747-293952-0052.wav,14.97
8425-287387-0006.wav,5.80
1737-142397-0040.wav,13.67
26-496-0011.wav,13.46
40-121026-0028.wav,6.57
8095-274345-0000.wav,15.34
4051-10927-0003.wav,13.71
2691-156745-0018.wav,12.29
8312-279791-0044.wav,15.49
1183-133255-0002.wav,4.56
8238-283452-0017.wav,16.32
5652-39938-0021.wav,9.05
7226-86965-0036.wav,13.64
7067-76048-0050.wav,6.00
3486-166424-0057.wav,15.41
7800-283492-0016.wav,11.21
298-126791-0061.wav,4.16
1088-134315-0058.wav,15.62
3723-171115-0002.wav,14.91
83-11691-0027.wav,15.29
89-218-0000.wav,15.72
3240-131232-0013.wav,12.13
7178-34644-0026.wav,13.26
5703-47212-0032.wav,14.93
1040-133433-0057.wav,14.22
1743-142913-0013.wav,11.74
5192-19397-0006.wav,15.00
201-122255-0043.wav,12.93
4267-287369-0033.wav,14.78
6367-74004-0022.wav,15.04
1992-141719-0031.wav,16.03
1355-39947-0055.wav,15.89
7505-258958-0028.wav,13.41
5163-18515-0013.wav,5.46
5561-41616-0026.wav,15.05
5778-54535-0042.wav,13.54
3607-135982-0007.wav,14.52
87-121553-0028.wav,13.81
1578-140045-0026.wav,15.49
302-123504-0010.wav,14.64
3526-176651-0020.wav,14.53
1447-130551-0029.wav,12.21
4859-22176-0019.wav,13.18
3879-173592-0013.wav,4.17
2514-149482-0051.wav,14.94
374-180299-0002.wav,2.81
1926-143879-0019.wav,14.51
8797-294123-0052.wav,13.02
6209-34599-0002.wav,15.51
2764-36616-0010.wav,14.73
3982-178459-0056.wav,15.74
332-128985-0079.wav,13.76
60-121082-0020.wav,14.28
412-126975-0027.wav,15.95
4813-248641-0006.wav,15.91
1553-140048-0025.wav,13.04
3664-178355-0022.wav,14.82
3830-12535-0033.wav,9.93
1263-139804-0027.wav,16.30
4160-14187-0015.wav,12.95
2391-145015-0038.wav,15.30
2893-139322-0005.wav,15.61
7278-91083-0023.wav,6.92
460-172359-0008.wav,13.25
445-123860-0018.wav,7.17
4137-11701-0028.wav,11.39
7367-86737-0107.wav,15.49
2989-138035-0018.wav,8.65
1624-168623-0022.wav,14.31
6836-61803-0000.wav,12.04
3947-13262-0002.wav,14.22
5789-57195-0000.wav,14.38
587-41619-0010.wav,5.73
4397-15666-0004.wav,15.86
311-124404-0039.wav,14.60
125-121342-0012.wav,13.74
4014-186183-0019.wav,9.53
6147-34607-0008.wav,14.96
2836-5355-0033.wav,12.15
150-126107-0009.wav,14.27
4788-94904-0024.wav,13.76
4297-13006-0032.wav,13.63
2436-2476-0040.wav,14.76
7794-295955-0024.wav,15.30
5322-7678-0016.wav,14.69
118-47824-0030.wav,2.75
7302-86814-0018.wav,15.95
1081-125237-0081.wav,14.92
5514-19192-0006.wav,12.53
5393-19218-0041.wav,16.18
7190-90543-0029.wav,10.50
3214-167607-0037.wav,7.19
2518-154826-0053.wav,15.88
887-123290-0015.wav,5.28
6563-63821-0005.wav,14.82
3807-4955-0024.wav,15.09
1594-135914-0022.wav,13.69
8770-295463-0004.wav,14.88
8580-287363-0035.wav,9.72
6848-76049-0020.wav,14.96
4340-15220-0010.wav,13.42
3168-173564-0033.wav,15.24
5750-35690-0012.wav,3.21
8324-286683-0000.wav,16.95
8098-278252-0036.wav,12.21
4441-76250-0012.wav,4.88
250-142286-0022.wav,13.39
3242-67153-0002.wav,12.94
5456-62043-0022.wav,14.26
103-1240-0013.wav,15.26
1069-133699-0048.wav,15.35
6000-55211-0022.wav,13.93
1363-139304-0015.wav,13.74
2843-152918-0022.wav,15.86
6437-66173-0019.wav,15.46
6818-76332-0055.wav,15.21
403-216-0004.wav,13.69
458-126305-0020.wav,7.45
2289-152253-0028.wav,6.26
211-122425-0073.wav,2.23
4214-7146-0053.wav,13.54
6272-70191-0037.wav,14.09
2910-131096-0060.wav,15.01
1235-135883-0006.wav,13.36
5104-33407-0025.wav,16.67
5022-29411-0002.wav,14.24
3983-5371-0052.wav,14.39
1841-179183-0016.wav,15.65
4680-16041-0005.wav,9.66
8630-305213-0006.wav,13.46
481-123720-0000.wav,14.85
696-93314-0059.wav,14.21
6078-54013-0037.wav,4.01
2182-181183-0031.wav,15.68
1455-134435-0045.wav,10.25
4481-17499-0007.wav,13.54
8123-275193-0025.wav,11.91
730-360-0034.wav,7.91
911-128684-0056.wav,14.10
1502-122619-0066.wav,4.38
8226-274369-0008.wav,12.26
669-129061-0013.wav,14.21
8629-261139-0010.wav,15.70
322-124147-0033.wav,13.35
6019-3185-0049.wav,15.44
198-209-0034.wav,14.84
426-122822-0021.wav,16.44
7059-77900-0034.wav,15.42
1334-135589-0039.wav,16.07
1116-137572-0028.wav,14.72
1098-133695-0027.wav,13.73
1898-145724-0019.wav,14.47
7078-271888-0109.wav,15.52
3436-172162-0022.wav,15.54
6385-220959-0010.wav,14.48
6925-80680-0033.wav,13.76
3259-158083-0124.wav,10.52
4853-27670-0013.wav,14.90
200-124140-0037.wav,14.16
3235-28433-0015.wav,13.71
19-227-0031.wav,14.77
4362-15663-0083.wav,16.09
7402-90848-0007.wav,14.79
1867-154071-0028.wav,12.59
8419-286676-0008.wav,14.88
1970-10594-0021.wav,15.71
8051-295385-0031.wav,13.88
2136-5140-0013.wav,15.55
3112-9554-0015.wav,13.24
441-130108-0030.wav,14.68
1246-135815-0005.wav,11.41
6476-57446-0071.wav,15.41
2911-7601-0023.wav,15.46
4898-28461-0017.wav,16.14
1034-121119-0058.wav,14.54
5339-14134-0009.wav,9.37
2159-179154-0012.wav,14.71
2092-145709-0007.wav,11.68
163-122947-0040.wav,13.91
196-122159-0012.wav,14.61
7517-100437-0020.wav,15.39
839-130898-0032.wav,16.00
8088-284756-0041.wav,10.68
2196-170379-0013.wav,15.12
4088-158077-0041.wav,13.89
446-123502-0020.wav,15.53
6531-61334-0109.wav,11.29
289-121652-0034.wav,13.10
8468-294887-0010.wav,11.78
7859-102519-0010.wav,8.72
5390-30096-0028.wav,11.16
405-130895-0003.wav,16.43
2817-142380-0027.wav,13.90
4018-107338-0029.wav,15.09
307-127540-0009.wav,12.04
3699-175950-0000.wav,4.75
2007-132570-0002.wav,10.77
2002-139469-0016.wav,15.57
7148-7763-0019.wav,3.07
909-131044-0025.wav,15.90
8108-280354-0029.wav,10.97
328-129766-0086.wav,15.14
831-130746-0040.wav,9.76
6415-111615-0024.wav,16.32
7635-105409-0041.wav,3.40
32-4137-0014.wav,12.30
7264-92316-0032.wav,12.66
8465-246947-0007.wav,13.71
1723-141149-0019.wav,15.22
6529-62556-0038.wav,14.61
226-131533-0017.wav,13.56
8838-298545-0013.wav,15.25
5808-54425-0055.wav,4.78
4640-19189-0007.wav,16.02
3374-298025-0005.wav,14.26
3440-171009-0066.wav,14.79
6081-41998-0024.wav,15.96
7780-274562-0073.wav,14.05
2416-152137-0012.wav,10.57
27-124992-0035.wav,11.29
3857-182317-0005.wav,16.09
8609-262281-0029.wav,14.50
248-130644-0014.wav,7.53
6181-216552-0075.wav,15.41
4195-17507-0021.wav,14.54
5678-43303-0033.wav,15.62
5049-25947-0012.wav,13.82
6064-56165-0031.wav,12.62
1963-142393-0023.wav,13.68
7312-92432-0010.wav,15.23
2952-407-0022.wav,5.82
5463-39174-0030.wav,11.93
233-155990-0039.wav,12.99
2384-152900-0034.wav,13.22
7511-102420-0045.wav,14.37
5867-48852-0102.wav,10.34
8063-274115-0012.wav,13.21
7113-86041-0037.wav,15.79
8014-112586-0001.wav,10.38
5688-41232-0024.wav,13.04
6454-93938-0005.wav,14.65
625-132118-0043.wav,15.69
4830-25898-0007.wav,14.29
229-130880-0022.wav,11.24
39-121915-0021.wav,13.59
7447-91186-0031.wav,9.78
4406-16883-0051.wav,8.22
8975-270782-0085.wav,12.00
6880-216547-0020.wav,15.67
78-368-0050.wav,9.39
254-145458-0001.wav,13.38
8747-293952-0038.wav,14.15
8425-246962-0001.wav,14.39
1737-148989-0010.wav,15.28
26-495-0061.wav,13.54
40-121026-0007.wav,4.95
8095-274346-0052.wav,15.83
4051-11217-0040.wav,6.26
2691-156750-0033.wav,10.57
8312-279791-0014.wav,15.77
1183-124566-0005.wav,1.41
8238-274553-0049.wav,13.79
5652-39938-0052.wav,15.96
7226-86964-0040.wav,14.09
7067-76047-0039.wav,16.27
3486-166424-0008.wav,9.75
7800-283493-0036.wav,12.90
298-126790-0029.wav,16.45
1088-134315-0006.wav,15.19
3723-171631-0055.wav,14.30
83-11691-0013.wav,3.90
89-219-0045.wav,8.48
3240-131231-0050.wav,10.88
7178-34645-0015.wav,9.77
5703-47198-0049.wav,12.90
1040-133433-0015.wav,5.03
1743-142914-0028.wav,5.62
5192-19396-0012.wav,15.96
201-122255-0023.wav,15.04
4267-78186-0009.wav,14.72
6367-65536-0038.wav,14.30
1992-141719-0044.wav,3.36
1355-39947-0013.wav,10.61
7505-83618-0013.wav,1.77
5163-39921-0047.wav,11.71
5561-39621-0011.wav,5.11
5778-12761-0037.wav,13.79
3607-135982-0017.wav,11.94
87-121553-0100.wav,12.61
1578-6379-0019.wav,11.13
302-123523-0014.wav,13.35
3526-176653-0030.wav,15.66
1447-17506-0021.wav,9.16
4859-29340-0033.wav,12.58
3879-174923-0070.wav,3.65
2514-149482-0005.wav,16.71
374-180298-0058.wav,13.15
1926-143879-0022.wav,15.42
8797-294123-0085.wav,6.91
6209-34600-0021.wav,16.71
2764-36616-0016.wav,15.45
3982-178459-0028.wav,14.52
332-128985-0052.wav,12.21
60-121082-0021.wav,14.34
412-126975-0001.wav,10.79
4813-248641-0040.wav,14.18
1553-140048-0013.wav,16.05
3664-11714-0010.wav,13.45
3830-12530-0006.wav,13.80
1263-138246-0028.wav,8.69
4160-14187-0010.wav,14.71
2391-145015-0025.wav,7.43
2893-139310-0017.wav,3.96
7278-91083-0000.wav,14.59
460-172357-0011.wav,15.07
445-123860-0000.wav,12.11
4137-11702-0053.wav,14.65
7367-86737-0093.wav,12.99
2989-138028-0045.wav,3.17
1624-142933-0017.wav,15.98
6836-61803-0024.wav,3.40
3947-13262-0016.wav,4.84
5789-57158-0020.wav,14.23
587-54108-0038.wav,13.63
4397-15668-0028.wav,10.55
311-124404-0081.wav,7.82
125-121342-0004.wav,12.51
4014-186175-0002.wav,15.10
6147-34605-0037.wav,14.53
2836-5354-0045.wav,6.04
150-126112-0032.wav,14.31
4788-94904-0010.wav,15.18
4297-13009-0024.wav,15.60
2436-2476-0002.wav,13.53
7794-295948-0012.wav,15.53
5322-7678-0012.wav,12.83
118-47824-0080.wav,15.38
7302-86815-0027.wav,14.77
1081-125237-0054.wav,8.79
5514-19192-0030.wav,14.37
5393-19218-0021.wav,15.89
7190-90543-0004.wav,14.25
3214-167602-0003.wav,15.19
2518-154826-0000.wav,13.03
887-123291-0019.wav,14.03
6563-63821-0015.wav,12.97
3807-4923-0048.wav,12.52
1594-135914-0078.wav,8.79
8770-295462-0033.wav,13.35
8580-287363-0028.wav,14.63
6848-76049-0002.wav,15.49
4340-15220-0031.wav,15.48
3168-173564-0020.wav,13.06
5750-100289-0029.wav,14.82
8324-286681-0010.wav,14.49
8098-278252-0009.wav,8.00
4441-76263-0018.wav,15.35
250-140277-0007.wav,14.36
3242-67153-0015.wav,13.78
5456-58161-0005.wav,14.22
103-1241-0028.wav,15.55
1069-133699-0000.wav,15.63
6000-55211-0014.wav,12.70
1363-139304-0014.wav,15.94
2843-152918-0011.wav,13.69
6437-66172-0002.wav,12.09
6818-68772-0023.wav,13.81
403-128339-0037.wav,14.51
458-126305-0033.wav,5.30
2289-152257-0025.wav,15.72
211-122442-0026.wav,4.91
4214-7146-0054.wav,10.88
6272-70191-0020.wav,14.94
2910-131096-0044.wav,15.89
1235-135883-0026.wav,15.36
5104-33407-0045.wav,14.55
5022-29405-0039.wav,14.76
3983-5371-0037.wav,15.80
1841-179183-0013.wav,13.19
4680-16042-0038.wav,15.68
8630-305213-0045.wav,14.38
481-123720-0055.wav,13.53
696-93314-0001.wav,13.80
6078-54013-0079.wav,12.96
2182-181183-0035.wav,15.70
1455-138263-0026.wav,16.41
4481-17498-0046.wav,11.71
8123-275209-0000.wav,15.72
730-360-0038.wav,4.83
911-130578-0013.wav,6.41
1502-122619-0071.wav,8.97
8226-274371-0050.wav,14.79
669-129074-0001.wav,8.12
8629-261140-0049.wav,15.51
322-124146-0006.wav,14.60
6019-3185-0083.wav,13.58
198-129977-0003.wav,15.08
426-122819-0030.wav,14.64
7059-77897-0017.wav,15.79
1334-135589-0043.wav,15.91
1116-132851-0006.wav,13.02
1098-133695-0008.wav,13.74
1898-145715-0000.wav,14.23
7078-271888-0077.wav,14.29
3436-172162-0041.wav,15.01
6385-34669-0014.wav,15.07
6925-80680-0032.wav,4.46
3259-158083-0007.wav,14.85
4853-29413-0019.wav,13.96
200-124140-0018.wav,12.12
3235-11599-0001.wav,12.93
19-227-0049.wav,11.09
4362-15663-0047.wav,15.18
7402-90848-0060.wav,12.20
1867-148436-0004.wav,5.42
8419-286667-0026.wav,15.03
1970-26100-0036.wav,3.20
8051-118101-0027.wav,4.21
2136-5147-0040.wav,13.49
3112-9555-0004.wav,12.74
441-128988-0025.wav,15.64
1246-124550-0029.wav,16.51
6476-57446-0082.wav,14.88
2911-15084-0000.wav,15.07
4898-28461-0026.wav,14.62
1034-121119-0018.wav,3.91
5339-14133-0051.wav,11.62
2159-179154-0036.wav,13.83
2092-145709-0000.wav,16.07
163-122947-0091.wav,14.43
196-122150-0038.wav,13.94
7517-100442-0031.wav,14.79
839-130898-0090.wav,13.60
8088-284756-0105.wav,14.39
2196-170379-0014.wav,11.23
4088-158077-0075.wav,15.62
446-123502-0010.wav,12.90
6531-61334-0094.wav,13.71
289-121652-0025.wav,13.60
8468-294887-0032.wav,12.52
7859-102518-0030.wav,11.47
5390-24512-0049.wav,11.47
405-130895-0031.wav,14.36
2817-142371-0027.wav,10.42
4018-107312-0011.wav,12.81
307-127535-0038.wav,5.67
3699-175950-0021.wav,12.06
2007-132570-0029.wav,16.59
2002-139469-0094.wav,15.80
7148-82991-0028.wav,13.78
909-131041-0022.wav,13.55
8108-280354-0008.wav,14.20
328-129766-0002.wav,13.88
831-130746-0008.wav,15.43
6415-100596-0006.wav,14.31
7635-105409-0034.wav,11.53
32-4137-0018.wav,5.16
7264-92316-0029.wav,13.76
8465-246942-0006.wav,15.26
1723-141149-0001.wav,11.76
6529-62554-0027.wav,14.71
226-131533-0020.wav,13.85
8838-298546-0001.wav,13.27
5808-54425-0058.wav,5.13
4640-19187-0031.wav,4.43
3374-298026-0030.wav,14.54
3440-171009-0029.wav,13.71
6081-41997-0035.wav,11.13
7780-274562-0048.wav,14.83
2416-152139-0068.wav,14.35
27-123349-0013.wav,8.29
3857-182315-0017.wav,15.01
8609-283227-0057.wav,11.40
248-130697-0008.wav,11.56
6181-216552-0112.wav,13.10
4195-186236-0027.wav,3.46
5678-43303-0008.wav,5.43
5049-25947-0091.wav,5.57
6064-56168-0018.wav,13.35
1963-142393-0003.wav,10.36
7312-92432-0017.wav,14.89
2952-410-0004.wav,15.43
5463-39173-0016.wav,15.86
233-134440-0010.wav,16.08
2384-152900-0036.wav,15.69
7511-102419-0035.wav,14.25
5867-48852-0107.wav,16.23
8063-274112-0027.wav,10.82
7113-86041-0074.wav,16.17
8014-112602-0001.wav,11.82
5688-41232-0059.wav,3.32
6454-93938-0013.wav,13.62
625-132118-0036.wav,14.90
4830-25904-0001.wav,12.82
229-130880-0053.wav,15.02
39-121914-0023.wav,14.38
7447-91187-0003.wav,16.11
4406-16883-0004.wav,3.86
8975-270782-0006.wav,15.07
6880-216547-0026.wav,12.49
78-369-0059.wav,15.58
254-27760-0006.wav,4.41
8747-293952-0107.wav,13.24
8425-287387-0002.wav,14.31
1737-142397-0020.wav,11.76
26-496-0020.wav,15.46
40-222-0050.wav,13.56
8095-274346-0033.wav,13.49
4051-10927-0002.wav,4.79
2691-156745-0033.wav,11.14
8312-279790-0016.wav,10.04
1183-133256-0024.wav,7.54
8238-283452-0022.wav,13.18
5652-19215-0022.wav,9.29
7226-86965-0017.wav,10.91
7067-76048-0029.wav,12.86
3486-166446-0029.wav,16.18
7800-283478-0007.wav,15.26
298-126790-0039.wav,13.53
1088-134315-0039.wav,9.09
3723-171115-0046.wav,14.27
83-11691-0021.wav,7.57
89-219-0010.wav,3.16
3240-131232-0025.wav,6.94
7178-34644-0052.wav,14.16
5703-47212-0044.wav,13.99
1040-133433-0031.wav,15.13
1743-142913-0000.wav,15.14
5192-19397-0059.wav,3.12
201-122255-0014.wav,15.61
4267-287369-0003.wav,15.21
6367-74004-0012.wav,12.91
1992-141719-0043.wav,16.34
1355-39947-0031.wav,12.28
7505-258958-0017.wav,14.89
5163-18515-0035.wav,13.61
5561-39621-0000.wav,2.71
5778-12761-0015.wav,16.09
3607-135982-0047.wav,14.58
87-121553-0067.wav,15.27
1578-6379-0041.wav,15.59
302-123504-0008.wav,13.56
3526-175658-0006.wav,15.71
1447-17506-0012.wav,13.35
4859-29340-0024.wav,13.96
3879-174923-0000.wav,15.80
2514-149482-0077.wav,15.38
374-180298-0040.wav,15.78
1926-147987-0018.wav,9.50
8797-294123-0088.wav,12.54
6209-34599-0027.wav,13.63
2764-36617-0025.wav,14.02
3982-178459-0041.wav,14.43
332-128985-0029.wav,5.75
60-121082-0028.wav,12.99
412-126975-0086.wav,14.11
4813-248638-0031.wav,10.82
1553-140047-0051.wav,3.97
3664-178355-0006.wav,15.82
3830-12535-0000.wav,13.98
1263-141777-0011.wav,15.09
4160-11550-0016.wav,11.18
2391-145015-0046.wav,15.27
2893-139322-0051.wav,15.19
7278-246956-0029.wav,16.19
460-172359-0039.wav,7.17
445-123860-0021.wav,14.38
4137-11702-0056.wav,9.87
7367-86737-0011.wav,11.00
2989-138028-0003.wav,15.23
1624-168623-0036.wav,17.20
6836-61803-0039.wav,2.61
3947-13262-0013.wav,14.96
5789-57158-0005.wav,13.76
587-41611-0028.wav,15.21
4397-15666-0003.wav,2.04
311-124404-0089.wav,8.21
125-121124-0023.wav,15.80
4014-186176-0037.wav,12.71
6147-34607-0009.wav,6.43
2836-5355-0007.wav,15.66
150-126107-0017.wav,15.40
4788-91208-0026.wav,14.82
4297-13006-0026.wav,15.92
2436-2481-0020.wav,15.53
7794-295947-0000.wav,15.27
5322-7680-0021.wav,15.14
118-47824-0045.wav,8.80
7302-86815-0070.wav,13.89
1081-125237-0106.wav,8.09
5514-19192-0039.wav,3.05
5393-19219-0032.wav,12.61
7190-90542-0005.wav,5.85
3214-167602-0026.wav,14.43
2518-154825-0036.wav,14.91
887-123290-0013.wav,15.62
6563-63821-0023.wav,14.86
3807-4955-0034.wav,15.80
1594-135914-0109.wav,16.05
8770-295462-0019.wav,11.04
8580-287364-0048.wav,15.60
6848-252323-0022.wav,15.75
4340-15220-0069.wav,15.10
3168-173565-0044.wav,12.53
5750-35690-0002.wav,3.60
8324-286681-0001.wav,16.13
8098-275181-0012.wav,15.13
4441-76262-0036.wav,12.02
250-142286-0029.wav,12.38
3242-8112-0006.wav,14.21
5456-62043-0034.wav,4.57
103-1241-0011.wav,14.48
1069-133699-0049.wav,15.68
6000-86686-0019.wav,14.08
1363-139304-0026.wav,14.95
2843-152918-0090.wav,14.39
6437-66172-0028.wav,11.94
6818-76332-0052.wav,12.00
403-216-0014.wav,3.21
458-126290-0011.wav,15.43
2289-152258-0000.wav,12.41
211-122425-0003.wav,5.47
4214-7146-0018.wav,14.46
6272-70168-0030.wav,15.26
2910-131096-0090.wav,16.66
1235-135883-0034.wav,15.98
5104-33407-0019.wav,3.23
5022-29405-0008.wav,15.81
3983-5331-0014.wav,15.52
1841-159771-0024.wav,14.82
4680-16041-0035.wav,15.44
8630-305212-0033.wav,11.59
481-123720-0017.wav,13.45
696-92939-0014.wav,13.81
6078-54013-0033.wav,7.42
2182-181183-0007.wav,14.33
1455-134435-0008.wav,12.98
4481-17499-0018.wav,15.71
8123-275216-0028.wav,15.65
730-358-0025.wav,2.90
911-128684-0084.wav,14.02
1502-122615-0003.wav,16.11
8226-274369-0056.wav,12.99
669-129061-0033.wav,3.54
8629-261139-0052.wav,16.00
322-124146-0002.wav,13.17
6019-3185-0055.wav,15.58
198-126831-0005.wav,15.13
426-122819-0013.wav,13.55
7059-77900-0010.wav,15.45
1334-135589-0044.wav,13.94
1116-132847-0021.wav,4.37
1098-133695-0053.wav,7.10
1898-145715-0036.wav,15.82
7078-271888-0051.wav,5.31
3436-172171-0038.wav,10.91
6385-34669-0017.wav,16.04
6925-80680-0078.wav,15.09
3259-158083-0061.wav,5.17
4853-27670-0029.wav,9.69
200-124139-0022.wav,14.52
3235-28433-0006.wav,15.03
19-198-0022.wav,14.28
4362-15663-0060.wav,14.40
7402-90848-0000.wav,15.50
1867-148436-0035.wav,4.13
8419-293469-0010.wav,14.37
1970-10594-0011.wav,14.86
8051-119902-0035.wav,15.61
2136-5143-0027.wav,10.52
3112-9555-0092.wav,14.02
441-130108-0003.wav,11.90
1246-124550-0038.wav,14.47
6476-57446-0018.wav,16.21
2911-15045-0017.wav,4.71
4898-28461-0047.wav,14.16
1034-121119-0033.wav,14.68
5339-14133-0025.wav,15.00
2159-179157-0003.wav,14.04
2092-145706-0046.wav,15.09
163-122947-0054.wav,15.45
196-122159-0015.wav,15.47
7517-100442-0024.wav,12.96
839-130898-0008.wav,13.58
8088-284756-0033.wav,8.71
2196-170151-0016.wav,15.11
4088-158077-0049.wav,14.72
446-123501-0028.wav,16.01
6531-61334-0041.wav,14.78
289-121665-0003.wav,15.23
8468-295198-0010.wav,15.46
7859-102519-0046.wav,15.07
5390-24512-0039.wav,15.16
405-130894-0006.wav,14.84
2817-142380-0035.wav,13.41
4018-107338-0021.wav,16.27
307-127540-0020.wav,12.76
3699-47246-0032.wav,14.93
2007-132570-0028.wav,5.79
2002-139469-0033.wav,9.74
7148-82991-0003.wav,15.14
7635-105661-0014.wav,4.38
3440-171009-0082.wav,7.29
